-- phpMyAdmin SQL Dump
-- version 4.7.1
-- https://www.phpmyadmin.net/
--
-- Host: localhost:3306
-- Generation Time: 08-Nov-2017 às 12:36
-- Versão do servidor: 10.1.25-MariaDB
-- PHP Version: 7.0.23

SET SQL_MODE = "NO_AUTO_VALUE_ON_ZERO";
SET AUTOCOMMIT = 0;
START TRANSACTION;
SET time_zone = "+00:00";


/*!40101 SET @OLD_CHARACTER_SET_CLIENT=@@CHARACTER_SET_CLIENT */;
/*!40101 SET @OLD_CHARACTER_SET_RESULTS=@@CHARACTER_SET_RESULTS */;
/*!40101 SET @OLD_COLLATION_CONNECTION=@@COLLATION_CONNECTION */;
/*!40101 SET NAMES utf8mb4 */;

--
-- Database: `u110440434_imber`
--

-- --------------------------------------------------------

--
-- Estrutura da tabela `medicoes`
--

CREATE TABLE `medicoes` (
  `id` int(11) NOT NULL,
  `data_hora` datetime NOT NULL,
  `altura_mar` double NOT NULL,
  `humidade_ar` double NOT NULL,
  `humidade_solo` double NOT NULL,
  `pressao_ar` double NOT NULL,
  `temperatura_ar` double NOT NULL,
  `cadastrado` datetime NOT NULL,
  `modificado` datetime NOT NULL
) ENGINE=InnoDB DEFAULT CHARSET=utf8;

--
-- Extraindo dados da tabela `medicoes`
--

INSERT INTO `medicoes` (`id`, `data_hora`, `altura_mar`, `humidade_ar`, `humidade_solo`, `pressao_ar`, `temperatura_ar`, `cadastrado`, `modificado`) VALUES
(855, '2017-06-06 07:58:00', 705.15, 69.4, 0, 931.33, 24.5, '2017-06-06 07:58:00', '2017-06-06 07:58:00'),
(856, '2017-06-06 08:13:00', 703.72, 69.9, 0, 931.53, 24.5, '2017-06-06 08:13:00', '2017-06-06 08:13:00'),
(857, '2017-06-06 08:28:00', 701.4, 69.4, 1, 931.79, 24.6, '2017-06-06 08:28:00', '2017-06-06 08:28:00'),
(858, '2017-06-06 08:43:00', 699.8, 69.8, 1, 931.97, 24.5, '2017-06-06 08:43:00', '2017-06-06 08:43:00'),
(859, '2017-06-06 08:58:00', 698.64, 69.2, 0, 932.07, 24.6, '2017-06-06 08:58:00', '2017-06-06 08:58:00'),
(860, '2017-06-06 09:13:00', 696.95, 69.3, 1, 932.29, 24.6, '2017-06-06 09:13:00', '2017-06-06 09:13:00'),
(861, '2017-06-06 09:28:00', 697.39, 70, 0, 932.26, 24.6, '2017-06-06 09:28:00', '2017-06-06 09:28:00'),
(862, '2017-06-06 09:43:00', 697.48, 70.3, 1, 932.23, 24.6, '2017-06-06 09:43:00', '2017-06-06 09:43:00'),
(863, '2017-06-06 09:58:00', 697.57, 70.8, 1, 932.34, 24.6, '2017-06-06 09:58:00', '2017-06-06 09:58:00'),
(864, '2017-06-06 10:13:00', 697.66, 71.1, 0, 932.25, 24.7, '2017-06-06 10:13:00', '2017-06-06 10:13:00'),
(865, '2017-06-06 10:28:00', 697.48, 71, 0, 932.23, 24.7, '2017-06-06 10:28:00', '2017-06-06 10:28:00'),
(866, '2017-06-06 10:43:00', 698.1, 71.2, 1, 932.13, 24.7, '2017-06-06 10:43:00', '2017-06-06 10:43:00'),
(867, '2017-06-06 10:58:00', 698.73, 71.6, 0, 932.18, 24.7, '2017-06-06 10:58:00', '2017-06-06 10:58:00'),
(868, '2017-06-06 11:13:00', 699.71, 71.9, 0, 931.97, 24.8, '2017-06-06 11:13:00', '2017-06-06 11:13:00'),
(869, '2017-06-06 11:28:00', 701.23, 72.2, 0, 931.82, 24.9, '2017-06-06 11:28:00', '2017-06-06 11:28:00'),
(870, '2017-06-06 11:43:00', 702.92, 71.9, 1, 931.65, 24.9, '2017-06-06 11:43:00', '2017-06-06 11:43:00'),
(871, '2017-06-06 11:58:00', 703.45, 71.7, 1, 931.58, 25, '2017-06-06 11:58:00', '2017-06-06 11:58:00'),
(872, '2017-06-06 12:13:00', 706.04, 71.9, 1, 931.29, 25.1, '2017-06-06 12:13:00', '2017-06-06 12:13:00'),
(873, '2017-06-06 12:28:00', 707.28, 71.7, 1, 931.1, 25.2, '2017-06-06 12:28:00', '2017-06-06 12:28:00'),
(874, '2017-06-06 12:43:00', 708.8, 72.1, 0, 930.98, 25.2, '2017-06-06 12:43:00', '2017-06-06 12:43:00'),
(875, '2017-06-06 12:58:00', 711.03, 72.2, 1, 930.75, 25.2, '2017-06-06 12:58:00', '2017-06-06 12:58:00'),
(876, '2017-06-06 13:13:00', 713.44, 72.1, 0, 930.47, 25.3, '2017-06-06 13:13:00', '2017-06-06 13:13:00'),
(877, '2017-06-06 13:28:00', 714.95, 72.6, 0, 930.24, 25.2, '2017-06-06 13:28:00', '2017-06-06 13:28:00'),
(878, '2017-06-06 13:43:00', 717.54, 72.7, 1, 930.06, 25.3, '2017-06-06 13:43:00', '2017-06-06 13:43:00'),
(879, '2017-06-06 13:58:00', 719.06, 72.8, 1, 929.87, 25.3, '2017-06-06 13:58:00', '2017-06-06 13:58:00'),
(880, '2017-06-06 14:13:00', 719.86, 73.1, 0, 929.72, 25.4, '2017-06-06 14:13:00', '2017-06-06 14:13:00'),
(881, '2017-06-06 14:28:00', 722, 73.2, 1, 929.46, 25.4, '2017-06-06 14:28:00', '2017-06-06 14:28:00'),
(882, '2017-06-06 14:43:00', 724.15, 73.5, 0, 929.29, 25.4, '2017-06-06 14:43:00', '2017-06-06 14:43:00'),
(883, '2017-06-06 14:58:00', 725.58, 73.8, 0, 929.05, 25.4, '2017-06-06 14:58:00', '2017-06-06 14:58:00'),
(884, '2017-06-06 15:13:00', 726.83, 74.5, 0, 928.88, 25.5, '2017-06-06 15:13:00', '2017-06-06 15:13:00'),
(885, '2017-06-06 15:28:00', 727.9, 74.8, 0, 928.82, 25.5, '2017-06-06 15:28:00', '2017-06-06 15:28:00'),
(886, '2017-06-06 15:43:00', 727.9, 74.6, 1, 928.82, 25.5, '2017-06-06 15:43:00', '2017-06-06 15:43:00'),
(887, '2017-06-06 15:58:00', 728.79, 75, 1, 928.73, 25.6, '2017-06-06 15:58:00', '2017-06-06 15:58:00'),
(888, '2017-06-06 16:13:00', 728.17, 75.4, 0, 928.79, 25.6, '2017-06-06 16:13:00', '2017-06-06 16:13:00'),
(889, '2017-06-06 16:28:00', 727.54, 75.2, 1, 928.86, 25.6, '2017-06-06 16:28:00', '2017-06-06 16:28:00'),
(890, '2017-06-06 16:43:00', 726.02, 75.2, 0, 929.01, 25.6, '2017-06-06 16:43:00', '2017-06-06 16:43:00'),
(891, '2017-06-06 17:04:00', 723.97, 77.2, 0, 929.22, 25.8, '2017-06-06 17:04:00', '2017-06-06 17:04:00'),
(892, '2017-06-06 17:19:00', 723.88, 76.5, 0, 929.27, 25.8, '2017-06-06 17:19:00', '2017-06-06 17:19:00'),
(893, '2017-06-06 17:34:00', 723.08, 76.8, 1, 929.34, 25.8, '2017-06-06 17:34:00', '2017-06-06 17:34:00'),
(894, '2017-06-06 17:49:00', 721.47, 77.1, 1, 929.54, 25.8, '2017-06-06 17:49:00', '2017-06-06 17:49:00'),
(895, '2017-06-06 18:04:00', 721.02, 77.6, 0, 929.57, 25.9, '2017-06-06 18:04:00', '2017-06-06 18:04:00'),
(896, '2017-06-06 18:19:00', 719.68, 74.9, 0, 929.71, 26, '2017-06-06 18:19:00', '2017-06-06 18:19:00'),
(897, '2017-06-06 18:34:00', 719.68, 75, 1, 929.69, 25.9, '2017-06-06 18:34:00', '2017-06-06 18:34:00'),
(898, '2017-06-06 18:49:00', 720.04, 76.1, 1, 929.69, 25.7, '2017-06-06 18:49:00', '2017-06-06 18:49:00'),
(899, '2017-06-06 19:04:00', 719.42, 74.7, 0, 929.74, 25.7, '2017-06-06 19:04:00', '2017-06-06 19:04:00'),
(900, '2017-06-06 19:19:00', 718.88, 74.7, 1, 929.86, 25.7, '2017-06-06 19:19:00', '2017-06-06 19:19:00'),
(901, '2017-06-06 19:34:00', 716.47, 75, 0, 930.06, 25.7, '2017-06-06 19:34:00', '2017-06-06 19:34:00'),
(902, '2017-06-06 19:49:00', 715.13, 74.7, 0, 930.31, 25.6, '2017-06-06 19:49:00', '2017-06-06 19:49:00'),
(903, '2017-06-06 20:04:00', 715.22, 74.6, 1, 930.29, 25.6, '2017-06-06 20:04:00', '2017-06-06 20:04:00'),
(904, '2017-06-06 20:19:00', 713.97, 74.2, 0, 930.33, 25.6, '2017-06-06 20:19:00', '2017-06-06 20:19:00'),
(905, '2017-06-06 20:34:00', 712.81, 73.3, 0, 930.54, 25.5, '2017-06-06 20:34:00', '2017-06-06 20:34:00'),
(906, '2017-06-06 20:49:00', 712.46, 72.3, 0, 930.55, 25.7, '2017-06-06 20:49:00', '2017-06-06 20:49:00'),
(907, '2017-06-06 21:04:00', 712.99, 71.7, 0, 930.54, 25.6, '2017-06-06 21:04:00', '2017-06-06 21:04:00'),
(908, '2017-06-06 21:19:00', 713.08, 73, 0, 930.48, 25.6, '2017-06-06 21:19:00', '2017-06-06 21:19:00'),
(909, '2017-06-06 21:34:00', 713.35, 72.6, 0, 930.47, 25.6, '2017-06-06 21:34:00', '2017-06-06 21:34:00'),
(910, '2017-06-06 21:49:00', 712.9, 72.6, 1, 930.47, 25.5, '2017-06-06 21:49:00', '2017-06-06 21:49:00'),
(911, '2017-06-06 22:04:00', 713.35, 73.5, 1, 930.47, 25.5, '2017-06-06 22:04:00', '2017-06-06 22:04:00'),
(912, '2017-06-06 22:19:00', 712.9, 72.8, 0, 930.53, 25.5, '2017-06-06 22:19:00', '2017-06-06 22:19:00'),
(913, '2017-06-06 22:34:00', 711.56, 71.2, 0, 930.59, 25.4, '2017-06-06 22:34:00', '2017-06-06 22:34:00'),
(914, '2017-06-06 22:49:00', 712.37, 71.3, 0, 930.6, 25.4, '2017-06-06 22:49:00', '2017-06-06 22:49:00'),
(915, '2017-06-06 23:04:00', 711.3, 72.4, 1, 930.62, 25.4, '2017-06-06 23:04:00', '2017-06-06 23:04:00'),
(916, '2017-06-06 23:19:00', 712.28, 71.8, 0, 930.54, 25.5, '2017-06-06 23:19:00', '2017-06-06 23:19:00'),
(917, '2017-06-06 23:34:00', 712.1, 72.6, 0, 930.58, 25.4, '2017-06-06 23:34:00', '2017-06-06 23:34:00'),
(918, '2017-06-06 23:49:00', 711.12, 72.3, 0, 930.68, 25.6, '2017-06-06 23:49:00', '2017-06-06 23:49:00'),
(919, '2017-06-07 00:04:00', 713.35, 73, 0, 930.52, 25.6, '2017-06-07 00:04:00', '2017-06-07 00:04:00'),
(920, '2017-06-07 00:19:00', 711.56, 72.5, 0, 930.63, 25.6, '2017-06-07 00:19:00', '2017-06-07 00:19:00'),
(921, '2017-06-07 00:34:00', 710.14, 71.9, 0, 930.84, 25.7, '2017-06-07 00:34:00', '2017-06-07 00:34:00'),
(922, '2017-06-07 00:49:00', 709.25, 71.6, 1, 930.91, 25.7, '2017-06-07 00:49:00', '2017-06-07 00:49:00'),
(923, '2017-06-07 01:04:00', 710.67, 71.4, 0, 930.75, 25.7, '2017-06-07 01:04:00', '2017-06-07 01:04:00'),
(924, '2017-06-07 01:19:00', 710.32, 72.1, 0, 930.77, 25.7, '2017-06-07 01:19:00', '2017-06-07 01:19:00'),
(925, '2017-06-07 01:34:00', 711.74, 72.2, 0, 930.64, 25.7, '2017-06-07 01:34:00', '2017-06-07 01:34:00'),
(926, '2017-06-07 01:49:00', 714.69, 71.1, 0, 930.3, 25.5, '2017-06-07 01:49:00', '2017-06-07 01:49:00'),
(927, '2017-06-07 02:04:00', 714.69, 71.7, 1, 930.28, 25.4, '2017-06-07 02:04:00', '2017-06-07 02:04:00'),
(928, '2017-06-07 02:19:00', 716.56, 72, 1, 929.97, 25.4, '2017-06-07 02:19:00', '2017-06-07 02:19:00'),
(929, '2017-06-07 02:34:00', 717.63, 71.9, 1, 930.06, 25.3, '2017-06-07 02:34:00', '2017-06-07 02:34:00'),
(930, '2017-06-07 02:49:00', 717.27, 71.5, 0, 930.01, 25.2, '2017-06-07 02:49:00', '2017-06-07 02:49:00'),
(931, '2017-06-07 03:04:00', 717.99, 70.9, 0, 929.93, 25.2, '2017-06-07 03:04:00', '2017-06-07 03:04:00'),
(932, '2017-06-07 03:19:00', 718.79, 71, 0, 929.84, 25.2, '2017-06-07 03:19:00', '2017-06-07 03:19:00'),
(933, '2017-06-07 03:34:00', 719.77, 70.5, 1, 929.75, 25.2, '2017-06-07 03:34:00', '2017-06-07 03:34:00'),
(934, '2017-06-07 03:49:00', 720.84, 71, 0, 929.65, 25.1, '2017-06-07 03:49:00', '2017-06-07 03:49:00'),
(935, '2017-06-07 04:04:00', 722.45, 70.9, 1, 929.48, 25.1, '2017-06-07 04:04:00', '2017-06-07 04:04:00'),
(936, '2017-06-07 04:19:00', 722.09, 70.8, 0, 929.55, 25.1, '2017-06-07 04:19:00', '2017-06-07 04:19:00'),
(937, '2017-06-07 04:34:00', 721.83, 70.1, 0, 929.54, 25, '2017-06-07 04:34:00', '2017-06-07 04:34:00'),
(938, '2017-06-07 04:49:00', 720.4, 69.6, 1, 929.63, 25, '2017-06-07 04:49:00', '2017-06-07 04:49:00'),
(939, '2017-06-07 05:04:00', 720.67, 69.5, 0, 929.63, 25, '2017-06-07 05:04:00', '2017-06-07 05:04:00'),
(940, '2017-06-07 05:19:00', 717.9, 69.6, 0, 929.95, 24.9, '2017-06-07 05:19:00', '2017-06-07 05:19:00'),
(941, '2017-06-07 05:34:00', 713.08, 69.3, 0, 930.48, 24.9, '2017-06-07 05:34:00', '2017-06-07 05:34:00'),
(942, '2017-06-07 05:49:00', 714.06, 69.5, 0, 930.39, 24.9, '2017-06-07 05:49:00', '2017-06-07 05:49:00'),
(943, '2017-06-07 06:04:00', 714.33, 69.4, 1, 930.34, 24.9, '2017-06-07 06:04:00', '2017-06-07 06:04:00'),
(944, '2017-06-07 06:19:00', 716.02, 69.4, 0, 930.15, 24.8, '2017-06-07 06:19:00', '2017-06-07 06:19:00'),
(945, '2017-06-07 06:34:00', 715.67, 68.7, 0, 930.17, 24.7, '2017-06-07 06:34:00', '2017-06-07 06:34:00'),
(946, '2017-06-07 06:49:00', 713.97, 66.6, 0, 930.39, 24.7, '2017-06-07 06:49:00', '2017-06-07 06:49:00'),
(947, '2017-06-07 10:54:00', 722.36, 60, 0, 929.43, 25.1, '2017-06-07 10:54:00', '2017-06-07 10:54:00'),
(948, '2017-06-07 11:09:00', 724.59, 57.6, 0, 929.16, 25, '2017-06-07 11:09:00', '2017-06-07 11:09:00'),
(949, '2017-06-07 11:24:00', 727.45, 57, 0, 928.82, 25.2, '2017-06-07 11:24:00', '2017-06-07 11:24:00'),
(950, '2017-06-07 11:39:00', 728.88, 55.1, 1, 928.78, 25.4, '2017-06-07 11:39:00', '2017-06-07 11:39:00'),
(951, '2017-06-07 11:54:00', 730.67, 53.5, 0, 928.55, 25.7, '2017-06-07 11:54:00', '2017-06-07 11:54:00'),
(952, '2017-06-07 12:09:00', 732.72, 51.3, 0, 928.33, 25.8, '2017-06-07 12:09:00', '2017-06-07 12:09:00'),
(953, '2017-06-07 12:24:00', 733.44, 49.8, 0, 928.18, 25.9, '2017-06-07 12:24:00', '2017-06-07 12:24:00'),
(954, '2017-06-07 12:39:00', 736.3, 49, 0, 927.83, 25.8, '2017-06-07 12:39:00', '2017-06-07 12:39:00'),
(955, '2017-06-07 12:54:00', 740.59, 49.9, 0, 927.5, 25.7, '2017-06-07 12:54:00', '2017-06-07 12:54:00'),
(956, '2017-06-07 13:09:00', 742.2, 50, 0, 927.22, 25.9, '2017-06-07 13:09:00', '2017-06-07 13:09:00'),
(957, '2017-06-07 13:24:00', 746.94, 49.9, 0, 926.7, 25.9, '2017-06-07 13:24:00', '2017-06-07 13:24:00'),
(958, '2017-06-07 13:39:00', 748.82, 49.2, 0, 926.45, 25.9, '2017-06-07 13:39:00', '2017-06-07 13:39:00'),
(959, '2017-06-07 13:54:00', 751.15, 50.1, 0, 926.14, 25.7, '2017-06-07 13:54:00', '2017-06-07 13:54:00'),
(960, '2017-06-07 14:09:00', 754.82, 49.8, 0, 925.84, 25.7, '2017-06-07 14:09:00', '2017-06-07 14:09:00'),
(961, '2017-06-07 14:24:00', 757.24, 49.8, 0, 925.6, 26, '2017-06-07 14:24:00', '2017-06-07 14:24:00'),
(962, '2017-06-07 14:39:00', 757.69, 49, 0, 925.51, 26.1, '2017-06-07 14:39:00', '2017-06-07 14:39:00'),
(963, '2017-06-07 14:54:00', 757.96, 48.5, 0, 925.52, 25.9, '2017-06-07 14:54:00', '2017-06-07 14:54:00'),
(964, '2017-06-07 15:09:00', 761.09, 48.9, 0, 925.08, 25.9, '2017-06-07 15:09:00', '2017-06-07 15:09:00'),
(965, '2017-06-07 15:24:00', 763.6, 49, 0, 924.85, 25.9, '2017-06-07 15:24:00', '2017-06-07 15:24:00'),
(966, '2017-06-07 15:39:00', 762.71, 48, 0, 924.9, 25.9, '2017-06-07 15:39:00', '2017-06-07 15:39:00'),
(967, '2017-06-07 15:54:00', 764.95, 47.8, 0, 924.69, 25.8, '2017-06-07 15:54:00', '2017-06-07 15:54:00'),
(968, '2017-06-07 16:09:00', 763.6, 48, 0, 924.83, 25.6, '2017-06-07 16:09:00', '2017-06-07 16:09:00'),
(969, '2017-06-09 07:17:00', 715.49, 68.6, 58, 930.17, 24.7, '2017-06-09 07:17:00', '2017-06-09 07:17:00'),
(970, '2017-06-09 07:32:00', 713.44, 69.6, 59, 930.47, 24.6, '2017-06-09 07:32:00', '2017-06-09 07:32:00'),
(971, '2017-06-09 07:47:00', 711.3, 70.1, 59, 930.7, 24.6, '2017-06-09 07:47:00', '2017-06-09 07:47:00'),
(972, '2017-06-09 08:02:00', 710.58, 70.6, 59, 930.83, 24.6, '2017-06-09 08:02:00', '2017-06-09 08:02:00'),
(973, '2017-06-09 08:17:00', 707.91, 70.5, 59, 931.12, 24.6, '2017-06-09 08:17:00', '2017-06-09 08:17:00'),
(974, '2017-06-09 08:32:00', 707.02, 70, 59, 931.13, 24.6, '2017-06-09 08:32:00', '2017-06-09 08:32:00'),
(975, '2017-06-09 08:47:00', 705.95, 70, 57, 931.26, 24.6, '2017-06-09 08:47:00', '2017-06-09 08:47:00'),
(976, '2017-06-09 09:02:00', 705.5, 68.8, 57, 931.37, 24.6, '2017-06-09 09:02:00', '2017-06-09 09:02:00'),
(977, '2017-06-09 09:17:00', 704.97, 69.2, 56, 931.42, 24.6, '2017-06-09 09:17:00', '2017-06-09 09:17:00'),
(978, '2017-06-09 09:32:00', 705.77, 69.9, 55, 931.33, 24.6, '2017-06-09 09:32:00', '2017-06-09 09:32:00'),
(979, '2017-06-09 09:47:00', 704.34, 70.1, 55, 931.51, 24.6, '2017-06-09 09:47:00', '2017-06-09 09:47:00'),
(980, '2017-06-09 10:02:00', 704.79, 70.6, 55, 931.47, 24.6, '2017-06-09 10:02:00', '2017-06-09 10:02:00'),
(981, '2017-06-09 10:17:00', 706.39, 70.7, 55, 931.28, 24.7, '2017-06-09 10:17:00', '2017-06-09 10:17:00'),
(982, '2017-06-09 10:32:00', 706.39, 70.8, 55, 931.26, 24.7, '2017-06-09 10:32:00', '2017-06-09 10:32:00'),
(983, '2017-06-09 10:47:00', 707.11, 71.1, 55, 931.14, 24.7, '2017-06-09 10:47:00', '2017-06-09 10:47:00'),
(984, '2017-06-09 11:02:00', 707.37, 71.3, 55, 931.13, 24.7, '2017-06-09 11:02:00', '2017-06-09 11:02:00'),
(985, '2017-06-09 11:17:00', 708.98, 71.4, 55, 930.94, 24.8, '2017-06-09 11:17:00', '2017-06-09 11:17:00'),
(986, '2017-06-09 11:32:00', 709.51, 71.7, 56, 930.88, 24.8, '2017-06-09 11:32:00', '2017-06-09 11:32:00'),
(987, '2017-06-09 11:47:00', 711.03, 72.1, 56, 930.72, 24.9, '2017-06-09 11:47:00', '2017-06-09 11:47:00'),
(988, '2017-06-09 12:02:00', 711.74, 71.6, 56, 930.57, 25, '2017-06-09 12:02:00', '2017-06-09 12:02:00'),
(989, '2017-06-09 12:18:00', 712.01, 72.2, 57, 930.58, 25.1, '2017-06-09 12:18:00', '2017-06-09 12:18:00'),
(990, '2017-06-09 12:33:00', 715.04, 71.5, 57, 930.23, 25.1, '2017-06-09 12:33:00', '2017-06-09 12:33:00'),
(991, '2017-06-09 12:48:00', 717.81, 71.7, 57, 929.94, 25.1, '2017-06-09 12:48:00', '2017-06-09 12:48:00'),
(992, '2017-06-09 13:03:00', 719.5, 71.9, 57, 929.77, 25.2, '2017-06-09 13:03:00', '2017-06-09 13:03:00'),
(993, '2017-06-09 13:18:00', 721.65, 72.5, 57, 929.58, 25.2, '2017-06-09 13:18:00', '2017-06-09 13:18:00'),
(994, '2017-06-09 13:33:00', 721.83, 75.1, 57, 929.49, 25.3, '2017-06-09 13:33:00', '2017-06-09 13:33:00'),
(995, '2017-06-09 13:48:00', 722, 75.1, 57, 929.53, 25.4, '2017-06-09 13:48:00', '2017-06-09 13:48:00'),
(996, '2017-06-09 14:03:00', 721.38, 75.6, 57, 929.54, 25.4, '2017-06-09 14:03:00', '2017-06-09 14:03:00'),
(997, '2017-06-09 14:18:00', 721.65, 74.8, 57, 929.58, 25.4, '2017-06-09 14:18:00', '2017-06-09 14:18:00'),
(998, '2017-06-09 14:33:00', 721.02, 75.1, 57, 929.58, 25.5, '2017-06-09 14:33:00', '2017-06-09 14:33:00'),
(999, '2017-06-09 14:48:00', 719.77, 75.6, 57, 929.78, 25.7, '2017-06-09 14:48:00', '2017-06-09 14:48:00'),
(1000, '2017-06-09 15:03:00', 718.26, 76, 57, 929.91, 25.6, '2017-06-09 15:03:00', '2017-06-09 15:03:00'),
(1001, '2017-06-09 15:18:00', 718.7, 75.5, 57, 929.85, 25.7, '2017-06-09 15:18:00', '2017-06-09 15:18:00'),
(1002, '2017-06-09 15:33:00', 717.99, 76.7, 58, 929.91, 25.6, '2017-06-09 15:33:00', '2017-06-09 15:33:00'),
(1003, '2017-06-09 15:48:00', 717.72, 72.5, 58, 929.96, 25.6, '2017-06-09 15:48:00', '2017-06-09 15:48:00'),
(1004, '2017-06-09 16:03:00', 717.09, 71.7, 58, 930.06, 25.6, '2017-06-09 16:03:00', '2017-06-09 16:03:00'),
(1005, '2017-06-09 16:18:00', 715.13, 71.4, 58, 930.23, 25.6, '2017-06-09 16:18:00', '2017-06-09 16:18:00'),
(1006, '2017-06-09 16:33:00', 712.81, 70.5, 58, 930.53, 25.5, '2017-06-09 16:33:00', '2017-06-09 16:33:00'),
(1007, '2017-06-09 16:48:00', 712.99, 68.4, 56, 930.55, 25.6, '2017-06-09 16:48:00', '2017-06-09 16:48:00'),
(1008, '2017-06-09 17:03:00', 706.93, 68.1, 56, 931.23, 25.9, '2017-06-09 17:03:00', '2017-06-09 17:03:00'),
(1009, '2017-06-09 17:26:00', 703.45, 68.4, 56, 931.63, 25.6, '2017-06-09 17:26:00', '2017-06-09 17:26:00'),
(1010, '2017-06-09 17:41:00', 700.6, 68.4, 56, 931.97, 25.4, '2017-06-09 17:41:00', '2017-06-09 17:41:00'),
(1011, '2017-06-09 17:56:00', 697.48, 69.6, 56, 932.25, 25.2, '2017-06-09 17:56:00', '2017-06-09 17:56:00'),
(1012, '2017-06-09 18:11:00', 694.19, 68.7, 56, 932.62, 25.2, '2017-06-09 18:11:00', '2017-06-09 18:11:00'),
(1013, '2017-06-09 18:26:00', 692.85, 69.7, 57, 932.75, 25.2, '2017-06-09 18:26:00', '2017-06-09 18:26:00'),
(1014, '2017-06-09 18:41:00', 693.3, 68.5, 56, 932.69, 25, '2017-06-09 18:41:00', '2017-06-09 18:41:00'),
(1015, '2017-06-09 18:56:00', 693.03, 67.5, 56, 932.72, 25.2, '2017-06-09 18:56:00', '2017-06-09 18:56:00'),
(1016, '2017-06-09 19:11:00', 690.89, 68.7, 57, 932.98, 25.2, '2017-06-09 19:11:00', '2017-06-09 19:11:00'),
(1017, '2017-06-09 19:26:00', 687.87, 69.1, 57, 933.38, 25.2, '2017-06-09 19:26:00', '2017-06-09 19:26:00'),
(1018, '2017-06-09 19:41:00', 688.85, 68, 57, 933.17, 25.2, '2017-06-09 19:41:00', '2017-06-09 19:41:00'),
(1019, '2017-06-09 19:56:00', 691.07, 69, 57, 932.91, 25, '2017-06-09 19:56:00', '2017-06-09 19:56:00'),
(1020, '2017-06-09 20:11:00', 688.67, 68.1, 57, 933.27, 25.1, '2017-06-09 20:11:00', '2017-06-09 20:11:00'),
(1021, '2017-06-09 20:26:00', 688.31, 69.8, 57, 933.23, 25.2, '2017-06-09 20:26:00', '2017-06-09 20:26:00'),
(1022, '2017-06-09 20:41:00', 689.91, 70.7, 57, 933.07, 25.2, '2017-06-09 20:41:00', '2017-06-09 20:41:00'),
(1023, '2017-06-09 20:56:00', 693.65, 71.2, 57, 932.66, 24.6, '2017-06-09 20:56:00', '2017-06-09 20:56:00'),
(1024, '2017-06-09 21:11:00', 690.63, 64, 57, 933.01, 24.7, '2017-06-09 21:11:00', '2017-06-09 21:11:00'),
(1025, '2017-06-09 21:26:00', 691.07, 66.3, 57, 932.95, 24.9, '2017-06-09 21:26:00', '2017-06-09 21:26:00'),
(1026, '2017-06-09 21:41:00', 697.93, 68.6, 57, 932.22, 24.9, '2017-06-09 21:41:00', '2017-06-09 21:41:00'),
(1027, '2017-06-09 21:56:00', 692.32, 68.9, 57, 932.82, 24.9, '2017-06-09 21:56:00', '2017-06-09 21:56:00'),
(1028, '2017-06-09 22:11:00', 693.65, 69.9, 57, 932.66, 24.9, '2017-06-09 22:11:00', '2017-06-09 22:11:00'),
(1029, '2017-06-09 22:26:00', 691.6, 68.5, 57, 932.94, 24.9, '2017-06-09 22:26:00', '2017-06-09 22:26:00'),
(1030, '2017-06-09 22:41:00', 686.8, 69.2, 57, 933.39, 24.9, '2017-06-09 22:41:00', '2017-06-09 22:41:00'),
(1031, '2017-06-09 22:56:00', 687.87, 68.8, 57, 933.33, 24.8, '2017-06-09 22:56:00', '2017-06-09 22:56:00'),
(1032, '2017-06-09 23:11:00', 686.27, 69.2, 57, 933.46, 24.8, '2017-06-09 23:11:00', '2017-06-09 23:11:00'),
(1033, '2017-06-09 23:26:00', 688.14, 68.8, 57, 933.33, 24.7, '2017-06-09 23:26:00', '2017-06-09 23:26:00'),
(1034, '2017-06-09 23:41:00', 691.16, 69.1, 58, 932.92, 24.7, '2017-06-09 23:41:00', '2017-06-09 23:41:00'),
(1035, '2017-06-09 23:56:00', 691.16, 68.6, 57, 932.96, 24.6, '2017-06-09 23:56:00', '2017-06-09 23:56:00'),
(1036, '2017-06-10 00:11:00', 693.74, 69.3, 57, 932.67, 24.6, '2017-06-10 00:11:00', '2017-06-10 00:11:00'),
(1037, '2017-06-10 00:26:00', 693.57, 69, 57, 932.66, 24.5, '2017-06-10 00:26:00', '2017-06-10 00:26:00'),
(1038, '2017-06-10 00:41:00', 691.6, 69.1, 58, 932.94, 24.5, '2017-06-10 00:41:00', '2017-06-10 00:41:00'),
(1039, '2017-06-10 00:56:00', 689.65, 68.8, 57, 933.1, 24.5, '2017-06-10 00:56:00', '2017-06-10 00:56:00'),
(1040, '2017-06-10 01:11:00', 693.39, 69.1, 58, 932.66, 24.4, '2017-06-10 01:11:00', '2017-06-10 01:11:00'),
(1041, '2017-06-10 01:26:00', 695.88, 69, 58, 932.36, 24.5, '2017-06-10 01:26:00', '2017-06-10 01:26:00'),
(1042, '2017-06-10 01:41:00', 696.68, 68.9, 58, 932.26, 24.4, '2017-06-10 01:41:00', '2017-06-10 01:41:00'),
(1043, '2017-06-10 01:56:00', 694.81, 69.1, 58, 932.53, 24.4, '2017-06-10 01:56:00', '2017-06-10 01:56:00'),
(1044, '2017-06-10 02:11:00', 698.1, 68.7, 58, 932.11, 24.3, '2017-06-10 02:11:00', '2017-06-10 02:11:00'),
(1045, '2017-06-10 02:26:00', 696.68, 68.5, 57, 932.32, 24.2, '2017-06-10 02:26:00', '2017-06-10 02:26:00'),
(1046, '2017-06-10 02:41:00', 698.02, 68.3, 58, 932.13, 24.2, '2017-06-10 02:41:00', '2017-06-10 02:41:00'),
(1047, '2017-06-10 02:56:00', 701.85, 68, 57, 931.78, 24.2, '2017-06-10 02:56:00', '2017-06-10 02:56:00'),
(1048, '2017-06-10 03:11:00', 704.52, 67.8, 58, 931.47, 24.1, '2017-06-10 03:11:00', '2017-06-10 03:11:00'),
(1049, '2017-06-10 03:26:00', 701.49, 67.8, 58, 931.82, 24.1, '2017-06-10 03:26:00', '2017-06-10 03:26:00'),
(1050, '2017-06-10 03:41:00', 698.46, 68, 57, 932.09, 24.1, '2017-06-10 03:41:00', '2017-06-10 03:41:00'),
(1051, '2017-06-10 03:56:00', 698.55, 67.6, 58, 932.12, 24, '2017-06-10 03:56:00', '2017-06-10 03:56:00'),
(1052, '2017-06-10 04:11:00', 700.87, 67.4, 57, 931.85, 23.9, '2017-06-10 04:11:00', '2017-06-10 04:11:00'),
(1053, '2017-06-10 04:26:00', 702.65, 67.3, 57, 931.65, 23.9, '2017-06-10 04:26:00', '2017-06-10 04:26:00'),
(1054, '2017-06-10 04:41:00', 701.58, 67, 57, 931.81, 23.8, '2017-06-10 04:41:00', '2017-06-10 04:41:00'),
(1055, '2017-06-10 04:56:00', 701.4, 66.5, 58, 931.79, 23.8, '2017-06-10 04:56:00', '2017-06-10 04:56:00'),
(1056, '2017-06-10 05:11:00', 703.54, 66.1, 58, 931.61, 23.7, '2017-06-10 05:11:00', '2017-06-10 05:11:00'),
(1057, '2017-06-10 05:26:00', 702.74, 66.6, 57, 931.67, 23.7, '2017-06-10 05:26:00', '2017-06-10 05:26:00'),
(1058, '2017-06-10 05:41:00', 702.74, 66.1, 58, 931.67, 23.7, '2017-06-10 05:41:00', '2017-06-10 05:41:00'),
(1059, '2017-06-10 05:56:00', 699.89, 66, 58, 931.99, 23.6, '2017-06-10 05:56:00', '2017-06-10 05:56:00'),
(1060, '2017-06-10 06:11:00', 699.44, 66.4, 57, 932.03, 23.6, '2017-06-10 06:11:00', '2017-06-10 06:11:00'),
(1061, '2017-06-10 06:26:00', 696.15, 66.4, 62, 932.38, 23.6, '2017-06-10 06:26:00', '2017-06-10 06:26:00'),
(1062, '2017-06-10 06:41:00', 696.15, 65.9, 60, 932.33, 23.5, '2017-06-10 06:41:00', '2017-06-10 06:41:00'),
(1063, '2017-06-10 06:56:00', 696.86, 65.5, 59, 932.29, 23.4, '2017-06-10 06:56:00', '2017-06-10 06:56:00'),
(1064, '2017-06-10 07:11:00', 696.15, 65.2, 59, 932.42, 23.5, '2017-06-10 07:11:00', '2017-06-10 07:11:00'),
(1065, '2017-06-10 07:26:00', 695.7, 64.5, 59, 932.46, 23.3, '2017-06-10 07:26:00', '2017-06-10 07:26:00'),
(1066, '2017-06-10 07:41:00', 695.26, 65.3, 59, 932.54, 23.4, '2017-06-10 07:41:00', '2017-06-10 07:41:00'),
(1067, '2017-06-10 07:56:00', 694.99, 65.4, 59, 932.44, 23.3, '2017-06-10 07:56:00', '2017-06-10 07:56:00'),
(1068, '2017-06-10 08:11:00', 694.37, 65.4, 59, 932.59, 23.3, '2017-06-10 08:11:00', '2017-06-10 08:11:00'),
(1069, '2017-06-10 08:26:00', 691.87, 65.2, 63, 932.87, 23.3, '2017-06-10 08:26:00', '2017-06-10 08:26:00'),
(1070, '2017-06-10 08:41:00', 692.32, 65.3, 63, 932.87, 23.3, '2017-06-10 08:41:00', '2017-06-10 08:41:00'),
(1071, '2017-06-10 08:58:00', 690, 65.3, 63, 933.06, 23.2, '2017-06-10 08:58:00', '2017-06-10 08:58:00'),
(1072, '2017-06-10 09:11:00', 688.94, 65.5, 63, 933.14, 23.3, '2017-06-10 09:11:00', '2017-06-10 09:11:00'),
(1073, '2017-06-10 09:26:00', 690.18, 65.5, 63, 933.03, 23.2, '2017-06-10 09:26:00', '2017-06-10 09:26:00'),
(1074, '2017-06-10 09:41:00', 688.49, 64.5, 63, 933.24, 23.2, '2017-06-10 09:41:00', '2017-06-10 09:41:00'),
(1075, '2017-06-10 09:56:00', 690, 64.8, 63, 933.09, 23.1, '2017-06-10 09:56:00', '2017-06-10 09:56:00'),
(1076, '2017-06-10 10:11:00', 688.4, 64.4, 63, 933.32, 23.1, '2017-06-10 10:11:00', '2017-06-10 10:11:00'),
(1077, '2017-06-10 10:26:00', 690, 64.3, 63, 933.14, 23.1, '2017-06-10 10:26:00', '2017-06-10 10:26:00'),
(1078, '2017-06-10 10:41:00', 690.36, 64.8, 63, 933.06, 23.1, '2017-06-10 10:41:00', '2017-06-10 10:41:00'),
(1079, '2017-06-10 10:57:00', 690.98, 64.7, 63, 932.99, 23.3, '2017-06-10 10:57:00', '2017-06-10 10:57:00'),
(1080, '2017-06-10 11:12:00', 692.23, 64.1, 63, 932.81, 23.3, '2017-06-10 11:12:00', '2017-06-10 11:12:00'),
(1081, '2017-06-10 11:27:00', 693.39, 63.5, 63, 932.65, 23.4, '2017-06-10 11:27:00', '2017-06-10 11:27:00'),
(1082, '2017-06-10 11:42:00', 695.17, 64.4, 63, 932.51, 23.5, '2017-06-10 11:42:00', '2017-06-10 11:42:00'),
(1083, '2017-06-10 11:57:00', 696.32, 64.2, 63, 932.36, 23.5, '2017-06-10 11:57:00', '2017-06-10 11:57:00'),
(1084, '2017-06-10 12:12:00', 698.46, 64.4, 63, 932.12, 23.5, '2017-06-10 12:12:00', '2017-06-10 12:12:00'),
(1085, '2017-06-10 12:27:00', 700.24, 63.5, 63, 931.92, 23.6, '2017-06-10 12:27:00', '2017-06-10 12:27:00'),
(1086, '2017-06-10 12:42:00', 702.47, 63.9, 63, 931.68, 23.5, '2017-06-10 12:42:00', '2017-06-10 12:42:00'),
(1087, '2017-06-10 12:57:00', 703.01, 63.4, 63, 931.58, 23.5, '2017-06-10 12:57:00', '2017-06-10 12:57:00'),
(1088, '2017-06-10 13:12:00', 705.15, 63.7, 63, 931.41, 23.6, '2017-06-10 13:12:00', '2017-06-10 13:12:00'),
(1089, '2017-06-10 13:27:00', 707.28, 64.2, 63, 931.1, 23.6, '2017-06-10 13:27:00', '2017-06-10 13:27:00'),
(1090, '2017-06-10 13:42:00', 709.69, 64.2, 63, 930.88, 23.6, '2017-06-10 13:42:00', '2017-06-10 13:42:00'),
(1091, '2017-06-10 13:57:00', 710.05, 64.2, 63, 930.79, 23.7, '2017-06-10 13:57:00', '2017-06-10 13:57:00'),
(1092, '2017-06-10 14:12:00', 711.83, 64.4, 63, 930.66, 23.7, '2017-06-10 14:12:00', '2017-06-10 14:12:00'),
(1093, '2017-06-10 14:27:00', 712.01, 63.9, 63, 930.52, 23.7, '2017-06-10 14:27:00', '2017-06-10 14:27:00'),
(1094, '2017-06-10 14:42:00', 711.74, 63.3, 63, 930.63, 23.8, '2017-06-10 14:42:00', '2017-06-10 14:42:00'),
(1095, '2017-06-10 14:57:00', 712.37, 63.5, 63, 930.54, 23.8, '2017-06-10 14:57:00', '2017-06-10 14:57:00'),
(1096, '2017-06-10 15:12:00', 712.72, 63.3, 63, 930.55, 23.9, '2017-06-10 15:12:00', '2017-06-10 15:12:00'),
(1097, '2017-06-10 15:27:00', 712.72, 62.7, 63, 930.56, 23.9, '2017-06-10 15:27:00', '2017-06-10 15:27:00'),
(1098, '2017-06-10 15:42:00', 712.37, 61.9, 63, 930.56, 23.9, '2017-06-10 15:42:00', '2017-06-10 15:42:00'),
(1099, '2017-06-10 15:57:00', 711.92, 62.4, 63, 930.54, 23.9, '2017-06-10 15:57:00', '2017-06-10 15:57:00'),
(1100, '2017-06-10 16:12:00', 711.39, 62.1, 63, 930.67, 23.9, '2017-06-10 16:12:00', '2017-06-10 16:12:00'),
(1101, '2017-06-10 16:27:00', 711.03, 62, 63, 930.69, 24, '2017-06-10 16:27:00', '2017-06-10 16:27:00'),
(1102, '2017-06-10 16:42:00', 710.05, 61.1, 63, 930.78, 23.9, '2017-06-10 16:42:00', '2017-06-10 16:42:00'),
(1103, '2017-06-10 16:57:00', 710.58, 53, 63, 930.7, 23.8, '2017-06-10 16:57:00', '2017-06-10 16:57:00'),
(1104, '2017-06-10 17:12:00', 708.44, 49.9, 63, 931.03, 23.8, '2017-06-10 17:12:00', '2017-06-10 17:12:00'),
(1105, '2017-06-10 17:27:00', 707.37, 48.4, 63, 931.14, 23.6, '2017-06-10 17:27:00', '2017-06-10 17:27:00'),
(1106, '2017-06-10 17:42:00', 706.84, 47.1, 63, 931.15, 23.4, '2017-06-10 17:42:00', '2017-06-10 17:42:00'),
(1107, '2017-06-10 17:57:00', 706.04, 46, 63, 931.33, 23.2, '2017-06-10 17:57:00', '2017-06-10 17:57:00'),
(1108, '2017-06-10 18:12:00', 703.54, 46.5, 63, 931.53, 23.6, '2017-06-10 18:12:00', '2017-06-10 18:12:00'),
(1109, '2017-06-10 18:27:00', 703.63, 55.9, 62, 931.59, 23.8, '2017-06-10 18:27:00', '2017-06-10 18:27:00'),
(1110, '2017-06-10 18:42:00', 703.01, 58, 62, 931.65, 23.9, '2017-06-10 18:42:00', '2017-06-10 18:42:00'),
(1111, '2017-06-10 18:57:00', 702.65, 59.5, 63, 931.65, 23.9, '2017-06-10 18:57:00', '2017-06-10 18:57:00'),
(1112, '2017-06-10 19:12:00', 702.56, 60.3, 63, 931.75, 23.9, '2017-06-10 19:12:00', '2017-06-10 19:12:00'),
(1113, '2017-06-10 19:27:00', 701.85, 60.9, 63, 931.73, 23.8, '2017-06-10 19:27:00', '2017-06-10 19:27:00'),
(1114, '2017-06-10 19:42:00', 701.67, 61.5, 62, 931.8, 23.8, '2017-06-10 19:42:00', '2017-06-10 19:42:00'),
(1115, '2017-06-10 19:57:00', 700.33, 61.9, 62, 931.94, 23.8, '2017-06-10 19:57:00', '2017-06-10 19:57:00'),
(1116, '2017-06-10 20:12:00', 698.82, 62.2, 63, 932.13, 23.8, '2017-06-10 20:12:00', '2017-06-10 20:12:00'),
(1117, '2017-06-10 20:27:00', 697.21, 62.4, 63, 932.27, 23.8, '2017-06-10 20:27:00', '2017-06-10 20:27:00'),
(1118, '2017-06-10 20:42:00', 697.84, 62.1, 63, 932.2, 23.7, '2017-06-10 20:42:00', '2017-06-10 20:42:00'),
(1119, '2017-06-10 20:57:00', 697.39, 62.3, 63, 932.27, 23.6, '2017-06-10 20:57:00', '2017-06-10 20:57:00'),
(1120, '2017-06-10 21:12:00', 697.21, 62.3, 63, 932.22, 23.6, '2017-06-10 21:12:00', '2017-06-10 21:12:00'),
(1121, '2017-06-10 21:27:00', 697.93, 62.4, 63, 932.18, 23.5, '2017-06-10 21:27:00', '2017-06-10 21:27:00'),
(1122, '2017-06-10 21:42:00', 698.46, 61.7, 63, 932.14, 23.4, '2017-06-10 21:42:00', '2017-06-10 21:42:00'),
(1123, '2017-06-10 21:57:00', 697.57, 62, 63, 932.17, 23.4, '2017-06-10 21:57:00', '2017-06-10 21:57:00'),
(1124, '2017-06-10 22:12:00', 697.3, 62, 63, 932.28, 23.3, '2017-06-10 22:12:00', '2017-06-10 22:12:00'),
(1125, '2017-06-10 22:27:00', 698.46, 61.5, 62, 932.14, 23.3, '2017-06-10 22:27:00', '2017-06-10 22:27:00'),
(1126, '2017-06-10 22:42:00', 699, 61.7, 62, 932.05, 23.2, '2017-06-10 22:42:00', '2017-06-10 22:42:00'),
(1127, '2017-06-10 22:57:00', 699.98, 61.4, 62, 931.88, 23.2, '2017-06-10 22:57:00', '2017-06-10 22:57:00'),
(1128, '2017-06-10 23:12:00', 701.4, 60.9, 62, 931.85, 23.2, '2017-06-10 23:12:00', '2017-06-10 23:12:00'),
(1129, '2017-06-10 23:27:00', 703.1, 60.8, 62, 931.66, 23.1, '2017-06-10 23:27:00', '2017-06-10 23:27:00'),
(1130, '2017-06-10 23:42:00', 703.27, 60.5, 62, 931.58, 23.1, '2017-06-10 23:42:00', '2017-06-10 23:42:00'),
(1131, '2017-06-10 23:57:00', 704.7, 60.5, 62, 931.43, 23, '2017-06-10 23:57:00', '2017-06-10 23:57:00'),
(1132, '2017-06-11 00:12:00', 703.72, 60.1, 62, 931.54, 22.9, '2017-06-11 00:12:00', '2017-06-11 00:12:00'),
(1133, '2017-06-11 00:27:00', 705.15, 59.8, 62, 931.33, 22.9, '2017-06-11 00:27:00', '2017-06-11 00:27:00'),
(1134, '2017-06-11 00:42:00', 705.5, 59.9, 62, 931.31, 22.8, '2017-06-11 00:42:00', '2017-06-11 00:42:00'),
(1135, '2017-06-11 00:57:00', 706.57, 59.8, 62, 931.24, 22.8, '2017-06-11 00:57:00', '2017-06-11 00:57:00'),
(1136, '2017-06-11 01:12:00', 707.55, 59.5, 62, 931.11, 22.7, '2017-06-11 01:12:00', '2017-06-11 01:12:00'),
(1137, '2017-06-11 01:27:00', 708.8, 59.4, 62, 930.93, 22.6, '2017-06-11 01:27:00', '2017-06-11 01:27:00'),
(1138, '2017-06-11 01:42:00', 710.14, 57.3, 62, 930.71, 22.6, '2017-06-11 01:42:00', '2017-06-11 01:42:00'),
(1139, '2017-06-11 01:57:00', 711.56, 58, 62, 930.62, 22.5, '2017-06-11 01:57:00', '2017-06-11 01:57:00'),
(1140, '2017-06-11 02:12:00', 713.17, 57.9, 61, 930.5, 22.5, '2017-06-11 02:12:00', '2017-06-11 02:12:00'),
(1141, '2017-06-11 02:27:00', 714.86, 57.9, 61, 930.24, 22.4, '2017-06-11 02:27:00', '2017-06-11 02:27:00'),
(1142, '2017-06-11 02:42:00', 717.18, 58, 61, 930.04, 22.3, '2017-06-11 02:42:00', '2017-06-11 02:42:00'),
(1143, '2017-06-11 02:57:00', 717.36, 58.1, 61, 930.06, 22.3, '2017-06-11 02:57:00', '2017-06-11 02:57:00'),
(1144, '2017-06-11 03:12:00', 719.24, 57.8, 61, 929.79, 22.3, '2017-06-11 03:12:00', '2017-06-11 03:12:00'),
(1145, '2017-06-11 03:27:00', 719.5, 57.6, 61, 929.77, 22.2, '2017-06-11 03:27:00', '2017-06-11 03:27:00'),
(1146, '2017-06-11 03:42:00', 720.22, 57.5, 61, 929.68, 22.2, '2017-06-11 03:42:00', '2017-06-11 03:42:00'),
(1147, '2017-06-11 03:57:00', 721.02, 57.3, 61, 929.67, 22.1, '2017-06-11 03:57:00', '2017-06-11 03:57:00'),
(1148, '2017-06-11 04:12:00', 721.02, 57.4, 61, 929.61, 22.1, '2017-06-11 04:12:00', '2017-06-11 04:12:00'),
(1149, '2017-06-11 04:27:00', 720.49, 56.9, 61, 929.6, 22, '2017-06-11 04:27:00', '2017-06-11 04:27:00'),
(1150, '2017-06-11 04:42:00', 720.84, 57.3, 61, 929.66, 21.9, '2017-06-11 04:42:00', '2017-06-11 04:42:00'),
(1151, '2017-06-11 04:57:00', 720.67, 57.1, 61, 929.6, 21.9, '2017-06-11 04:57:00', '2017-06-11 04:57:00'),
(1152, '2017-06-11 05:12:00', 721.29, 57, 61, 929.68, 21.9, '2017-06-11 05:12:00', '2017-06-11 05:12:00'),
(1153, '2017-06-11 05:27:00', 720.58, 57, 61, 929.61, 21.9, '2017-06-11 05:27:00', '2017-06-11 05:27:00'),
(1154, '2017-06-11 05:42:00', 720.49, 56.8, 60, 929.6, 21.9, '2017-06-11 05:42:00', '2017-06-11 05:42:00'),
(1155, '2017-06-11 05:57:00', 720.84, 56.1, 60, 929.72, 21.9, '2017-06-11 05:57:00', '2017-06-11 05:57:00'),
(1156, '2017-06-11 06:13:00', 718.88, 56.2, 60, 929.83, 21.8, '2017-06-11 06:13:00', '2017-06-11 06:13:00'),
(1157, '2017-06-11 06:28:00', 718.43, 56.6, 60, 929.92, 21.7, '2017-06-11 06:28:00', '2017-06-11 06:28:00'),
(1158, '2017-06-11 06:43:00', 716.74, 56.6, 60, 930.01, 21.6, '2017-06-11 06:43:00', '2017-06-11 06:43:00'),
(1159, '2017-06-11 06:58:00', 715.67, 56.7, 60, 930.22, 21.7, '2017-06-11 06:58:00', '2017-06-11 06:58:00'),
(1160, '2017-06-11 07:13:00', 713.35, 56.3, 60, 930.4, 21.6, '2017-06-11 07:13:00', '2017-06-11 07:13:00'),
(1161, '2017-06-11 07:28:00', 712.9, 56.9, 60, 930.5, 21.6, '2017-06-11 07:28:00', '2017-06-11 07:28:00'),
(1162, '2017-06-11 07:43:00', 711.12, 56.8, 60, 930.73, 21.5, '2017-06-11 07:43:00', '2017-06-11 07:43:00'),
(1163, '2017-06-11 07:58:00', 710.32, 57, 60, 930.73, 21.5, '2017-06-11 07:58:00', '2017-06-11 07:58:00'),
(1164, '2017-06-11 08:13:00', 709.42, 57.5, 60, 930.91, 21.5, '2017-06-11 08:13:00', '2017-06-11 08:13:00'),
(1165, '2017-06-11 08:28:00', 708.62, 57.6, 60, 930.99, 21.5, '2017-06-11 08:28:00', '2017-06-11 08:28:00'),
(1166, '2017-06-11 08:43:00', 707.19, 57.9, 60, 931.14, 21.5, '2017-06-11 08:43:00', '2017-06-11 08:43:00'),
(1167, '2017-06-11 08:58:00', 707.19, 57.9, 60, 931.12, 21.5, '2017-06-11 08:58:00', '2017-06-11 08:58:00'),
(1168, '2017-06-11 09:13:00', 707.28, 58.4, 60, 931.19, 21.5, '2017-06-11 09:13:00', '2017-06-11 09:13:00'),
(1169, '2017-06-11 09:28:00', 706.66, 59, 59, 931.16, 21.5, '2017-06-11 09:28:00', '2017-06-11 09:28:00'),
(1170, '2017-06-11 09:43:00', 705.95, 59.2, 59, 931.29, 21.6, '2017-06-11 09:43:00', '2017-06-11 09:43:00'),
(1171, '2017-06-11 09:58:00', 705.06, 59.5, 59, 931.36, 21.8, '2017-06-11 09:58:00', '2017-06-11 09:58:00'),
(1172, '2017-06-11 10:13:00', 705.68, 59.6, 60, 931.29, 21.7, '2017-06-11 10:13:00', '2017-06-11 10:13:00'),
(1173, '2017-06-11 10:28:00', 705.95, 60, 59, 931.31, 21.8, '2017-06-11 10:28:00', '2017-06-11 10:28:00'),
(1174, '2017-06-11 10:43:00', 706.48, 60.3, 60, 931.23, 21.9, '2017-06-11 10:43:00', '2017-06-11 10:43:00'),
(1175, '2017-06-11 10:58:00', 706.39, 60, 59, 931.23, 21.9, '2017-06-11 10:58:00', '2017-06-11 10:58:00'),
(1176, '2017-06-11 11:13:00', 707.37, 60.5, 59, 931.15, 21.9, '2017-06-11 11:13:00', '2017-06-11 11:13:00'),
(1177, '2017-06-11 11:28:00', 707.82, 61.2, 59, 931.08, 21.9, '2017-06-11 11:28:00', '2017-06-11 11:28:00'),
(1178, '2017-06-11 11:43:00', 708.98, 61.1, 59, 931.04, 22.1, '2017-06-11 11:43:00', '2017-06-11 11:43:00'),
(1179, '2017-06-11 11:58:00', 709.69, 60.8, 59, 930.84, 22.2, '2017-06-11 11:58:00', '2017-06-11 11:58:00'),
(1180, '2017-06-11 12:13:00', 711.12, 60.3, 59, 930.67, 22.4, '2017-06-11 12:13:00', '2017-06-11 12:13:00'),
(1181, '2017-06-11 12:28:00', 712.46, 58.5, 59, 930.58, 22.6, '2017-06-11 12:28:00', '2017-06-11 12:28:00'),
(1182, '2017-06-11 12:43:00', 714.6, 57.7, 59, 930.34, 22.6, '2017-06-11 12:43:00', '2017-06-11 12:43:00'),
(1183, '2017-06-11 12:58:00', 716.47, 57.1, 59, 930.07, 22.7, '2017-06-11 12:58:00', '2017-06-11 12:58:00'),
(1184, '2017-06-11 13:13:00', 718.08, 57.2, 59, 929.92, 22.7, '2017-06-11 13:13:00', '2017-06-11 13:13:00'),
(1185, '2017-06-11 13:28:00', 718.34, 58.6, 59, 929.92, 22.8, '2017-06-11 13:28:00', '2017-06-11 13:28:00'),
(1186, '2017-06-11 13:43:00', 719.68, 58.7, 59, 929.67, 22.8, '2017-06-11 13:43:00', '2017-06-11 13:43:00'),
(1187, '2017-06-11 13:58:00', 722.45, 58.6, 59, 929.4, 22.9, '2017-06-11 13:58:00', '2017-06-11 13:58:00'),
(1188, '2017-06-11 14:13:00', 722.9, 59.3, 59, 929.4, 23, '2017-06-11 14:13:00', '2017-06-11 14:13:00'),
(1189, '2017-06-11 14:28:00', 723.7, 59.8, 59, 929.31, 23, '2017-06-11 14:28:00', '2017-06-11 14:28:00'),
(1190, '2017-06-11 14:43:00', 723.7, 59.5, 59, 929.29, 23.1, '2017-06-11 14:43:00', '2017-06-11 14:43:00'),
(1191, '2017-06-11 14:58:00', 723.7, 60.3, 59, 929.29, 23.2, '2017-06-11 14:58:00', '2017-06-11 14:58:00'),
(1192, '2017-06-11 15:13:00', 723.17, 61.1, 59, 929.38, 23.3, '2017-06-11 15:13:00', '2017-06-11 15:13:00'),
(1193, '2017-06-11 15:28:00', 722.09, 60.5, 59, 929.55, 23.2, '2017-06-11 15:28:00', '2017-06-11 15:28:00'),
(1194, '2017-06-11 15:43:00', 722.18, 62.1, 59, 929.5, 23.4, '2017-06-11 15:43:00', '2017-06-11 15:43:00'),
(1195, '2017-06-11 15:58:00', 721.2, 62.3, 59, 929.57, 23.5, '2017-06-11 15:58:00', '2017-06-11 15:58:00'),
(1196, '2017-06-11 16:13:00', 719.59, 61.3, 59, 929.63, 23.4, '2017-06-11 16:13:00', '2017-06-11 16:13:00'),
(1197, '2017-06-11 16:28:00', 718.97, 62.6, 59, 929.8, 23.5, '2017-06-11 16:28:00', '2017-06-11 16:28:00'),
(1198, '2017-06-11 16:43:00', 718.17, 63.7, 59, 929.93, 23.4, '2017-06-11 16:43:00', '2017-06-11 16:43:00'),
(1199, '2017-06-11 16:58:00', 718.61, 63.3, 59, 929.86, 23.5, '2017-06-11 16:58:00', '2017-06-11 16:58:00'),
(1200, '2017-06-11 17:13:00', 716.2, 59.6, 59, 930.05, 23.5, '2017-06-11 17:13:00', '2017-06-11 17:13:00'),
(1201, '2017-06-11 17:28:00', 714.95, 61.1, 59, 930.26, 23.5, '2017-06-11 17:28:00', '2017-06-11 17:28:00'),
(1202, '2017-06-11 17:43:00', 714.42, 61.7, 59, 930.33, 23.5, '2017-06-11 17:43:00', '2017-06-11 17:43:00'),
(1203, '2017-06-11 17:58:00', 712.37, 59.5, 58, 930.59, 23.5, '2017-06-11 17:58:00', '2017-06-11 17:58:00'),
(1204, '2017-06-11 18:13:00', 710.76, 59.7, 53, 930.71, 23.6, '2017-06-11 18:13:00', '2017-06-11 18:13:00'),
(1205, '2017-06-11 18:28:00', 708.98, 56, 53, 930.94, 23.8, '2017-06-11 18:28:00', '2017-06-11 18:28:00'),
(1206, '2017-06-11 18:43:00', 708.89, 60.6, 53, 930.95, 23.8, '2017-06-11 18:43:00', '2017-06-11 18:43:00'),
(1207, '2017-06-11 18:58:00', 708.18, 61.4, 54, 931.06, 24, '2017-06-11 18:58:00', '2017-06-11 18:58:00'),
(1208, '2017-06-11 19:13:00', 706.66, 61.8, 54, 931.18, 23.7, '2017-06-11 19:13:00', '2017-06-11 19:13:00'),
(1209, '2017-06-11 19:28:00', 704.97, 62.7, 53, 931.27, 23.7, '2017-06-11 19:28:00', '2017-06-11 19:28:00'),
(1210, '2017-06-11 19:43:00', 704.7, 63.6, 54, 931.35, 23.7, '2017-06-11 19:43:00', '2017-06-11 19:43:00'),
(1211, '2017-06-11 19:58:00', 703.63, 65.2, 53, 931.52, 23.9, '2017-06-11 19:58:00', '2017-06-11 19:58:00'),
(1212, '2017-06-11 20:13:00', 703.18, 67.8, 53, 931.57, 23.7, '2017-06-11 20:13:00', '2017-06-11 20:13:00'),
(1213, '2017-06-11 20:28:00', 702.12, 69, 53, 931.76, 23.7, '2017-06-11 20:28:00', '2017-06-11 20:28:00'),
(1214, '2017-06-11 20:43:00', 700.33, 69.7, 53, 931.98, 23.6, '2017-06-11 20:43:00', '2017-06-11 20:43:00'),
(1215, '2017-06-11 20:58:00', 699, 69.7, 53, 932.12, 23.6, '2017-06-11 20:58:00', '2017-06-11 20:58:00'),
(1216, '2017-06-11 21:13:00', 698.91, 69.6, 53, 932.07, 23.5, '2017-06-11 21:13:00', '2017-06-11 21:13:00'),
(1217, '2017-06-11 21:28:00', 697.48, 69.4, 53, 932.21, 23.5, '2017-06-11 21:28:00', '2017-06-11 21:28:00'),
(1218, '2017-06-11 21:43:00', 697.39, 69.4, 53, 932.25, 23.5, '2017-06-11 21:43:00', '2017-06-11 21:43:00'),
(1219, '2017-06-11 21:58:00', 696.86, 69.3, 53, 932.27, 23.4, '2017-06-11 21:58:00', '2017-06-11 21:58:00'),
(1220, '2017-06-11 22:13:00', 696.5, 69, 53, 932.34, 23.4, '2017-06-11 22:13:00', '2017-06-11 22:13:00'),
(1221, '2017-06-11 22:28:00', 697.75, 68.9, 53, 932.29, 23.4, '2017-06-11 22:28:00', '2017-06-11 22:28:00'),
(1222, '2017-06-11 22:43:00', 696.15, 68.9, 52, 932.36, 23.5, '2017-06-11 22:43:00', '2017-06-11 22:43:00'),
(1223, '2017-06-11 22:58:00', 695.7, 68.4, 52, 932.39, 23.5, '2017-06-11 22:58:00', '2017-06-11 22:58:00'),
(1224, '2017-06-11 23:13:00', 696.06, 67.6, 52, 932.39, 23.6, '2017-06-11 23:13:00', '2017-06-11 23:13:00'),
(1225, '2017-06-11 23:43:00', 695.97, 67.6, 52, 932.33, 23.5, '2017-06-11 23:43:00', '2017-06-11 23:43:00'),
(1226, '2017-06-11 23:58:00', 696.15, 67.6, 52, 932.39, 23.5, '2017-06-11 23:58:00', '2017-06-11 23:58:00'),
(1227, '2017-06-12 00:13:00', 696.95, 67.4, 52, 932.29, 23.4, '2017-06-12 00:13:00', '2017-06-12 00:13:00'),
(1228, '2017-06-12 00:28:00', 697.39, 67.4, 52, 932.28, 23.5, '2017-06-12 00:28:00', '2017-06-12 00:28:00'),
(1229, '2017-06-12 00:43:00', 698.64, 66.7, 52, 932.04, 23.6, '2017-06-12 00:43:00', '2017-06-12 00:43:00'),
(1230, '2017-06-12 00:58:00', 699.26, 66.4, 52, 932.01, 23.5, '2017-06-12 00:58:00', '2017-06-12 00:58:00'),
(1231, '2017-06-12 01:13:00', 700.6, 66.6, 52, 931.85, 23.4, '2017-06-12 01:13:00', '2017-06-12 01:13:00'),
(1232, '2017-06-12 01:29:00', 701.14, 65.9, 52, 931.82, 23.3, '2017-06-12 01:29:00', '2017-06-12 01:29:00'),
(1233, '2017-06-12 01:44:00', 702.38, 66, 52, 931.64, 23.3, '2017-06-12 01:44:00', '2017-06-12 01:44:00'),
(1234, '2017-06-12 01:59:00', 702.47, 66.2, 52, 931.72, 23.3, '2017-06-12 01:59:00', '2017-06-12 01:59:00'),
(1235, '2017-06-12 02:14:00', 702.83, 66, 51, 931.63, 23.2, '2017-06-12 02:14:00', '2017-06-12 02:14:00'),
(1236, '2017-06-12 02:29:00', 704.34, 65.7, 51, 931.57, 23.1, '2017-06-12 02:29:00', '2017-06-12 02:29:00'),
(1237, '2017-06-12 02:44:00', 706.75, 65.7, 51, 931.23, 23.1, '2017-06-12 02:44:00', '2017-06-12 02:44:00'),
(1238, '2017-06-12 02:59:00', 706.66, 65.3, 52, 931.16, 23.1, '2017-06-12 02:59:00', '2017-06-12 02:59:00'),
(1239, '2017-06-12 03:14:00', 707.19, 65, 51, 931.11, 23.1, '2017-06-12 03:14:00', '2017-06-12 03:14:00'),
(1240, '2017-06-12 03:29:00', 707.91, 65.1, 51, 931.01, 23, '2017-06-12 03:29:00', '2017-06-12 03:29:00'),
(1241, '2017-06-12 03:44:00', 709.51, 65, 51, 930.84, 23, '2017-06-12 03:44:00', '2017-06-12 03:44:00'),
(1242, '2017-06-12 03:59:00', 711.03, 65.6, 51, 930.73, 23, '2017-06-12 03:59:00', '2017-06-12 03:59:00'),
(1243, '2017-06-12 04:14:00', 711.83, 65.1, 51, 930.56, 22.9, '2017-06-12 04:14:00', '2017-06-12 04:14:00'),
(1244, '2017-06-12 04:29:00', 712.01, 64.9, 50, 930.6, 22.9, '2017-06-12 04:29:00', '2017-06-12 04:29:00'),
(1245, '2017-06-12 04:44:00', 712.28, 64.9, 50, 930.58, 22.8, '2017-06-12 04:44:00', '2017-06-12 04:44:00'),
(1246, '2017-06-12 04:59:00', 711.39, 64.9, 50, 930.59, 22.8, '2017-06-12 04:59:00', '2017-06-12 04:59:00'),
(1247, '2017-06-12 05:14:00', 715.85, 64.9, 50, 930.2, 22.8, '2017-06-12 05:14:00', '2017-06-12 05:14:00'),
(1248, '2017-06-12 05:29:00', 714.95, 64.6, 50, 930.24, 22.8, '2017-06-12 05:29:00', '2017-06-12 05:29:00'),
(1249, '2017-06-12 05:44:00', 713.79, 63.9, 50, 930.46, 22.8, '2017-06-12 05:44:00', '2017-06-12 05:44:00'),
(1250, '2017-06-12 05:59:00', 712.9, 63.9, 50, 930.54, 22.8, '2017-06-12 05:59:00', '2017-06-12 05:59:00'),
(1251, '2017-06-12 06:14:00', 710.49, 63.6, 50, 930.79, 22.8, '2017-06-12 06:14:00', '2017-06-12 06:14:00'),
(1252, '2017-06-12 06:29:00', 711.56, 64.4, 50, 930.7, 22.9, '2017-06-12 06:29:00', '2017-06-12 06:29:00'),
(1253, '2017-06-12 06:44:00', 709.42, 66.4, 50, 930.85, 22.8, '2017-06-12 06:44:00', '2017-06-12 06:44:00'),
(1254, '2017-06-12 06:59:00', 708.53, 66, 50, 930.96, 22.8, '2017-06-12 06:59:00', '2017-06-12 06:59:00'),
(1255, '2017-06-12 07:14:00', 707.19, 66.3, 50, 931.2, 22.7, '2017-06-12 07:14:00', '2017-06-12 07:14:00'),
(1256, '2017-06-12 07:29:00', 705.06, 66.7, 50, 931.43, 22.7, '2017-06-12 07:29:00', '2017-06-12 07:29:00'),
(1257, '2017-06-12 07:44:00', 704.34, 66.7, 50, 931.44, 22.7, '2017-06-12 07:44:00', '2017-06-12 07:44:00'),
(1258, '2017-06-12 07:59:00', 705.95, 66.6, 50, 931.31, 22.7, '2017-06-12 07:59:00', '2017-06-12 07:59:00'),
(1259, '2017-06-12 08:14:00', 704.61, 67, 50, 931.52, 22.6, '2017-06-12 08:14:00', '2017-06-12 08:14:00'),
(1260, '2017-06-12 08:29:00', 703.27, 67, 50, 931.56, 22.7, '2017-06-12 08:29:00', '2017-06-12 08:29:00'),
(1261, '2017-06-12 08:44:00', 700.24, 66.7, 50, 931.84, 22.7, '2017-06-12 08:44:00', '2017-06-12 08:44:00'),
(1262, '2017-06-12 08:59:00', 698.46, 67.4, 50, 932.09, 22.7, '2017-06-12 08:59:00', '2017-06-12 08:59:00'),
(1263, '2017-06-12 09:14:00', 698.82, 67.6, 50, 932.09, 22.7, '2017-06-12 09:14:00', '2017-06-12 09:14:00'),
(1264, '2017-06-12 09:29:00', 698.37, 67.9, 50, 932.12, 22.7, '2017-06-12 09:29:00', '2017-06-12 09:29:00'),
(1265, '2017-06-12 09:44:00', 699.44, 68.2, 50, 932.09, 22.7, '2017-06-12 09:44:00', '2017-06-12 09:44:00'),
(1266, '2017-06-12 09:59:00', 698.28, 68.4, 50, 932.14, 22.7, '2017-06-12 09:59:00', '2017-06-12 09:59:00'),
(1267, '2017-06-12 10:14:00', 698.02, 69.1, 50, 932.22, 22.8, '2017-06-12 10:14:00', '2017-06-12 10:14:00'),
(1268, '2017-06-12 10:29:00', 697.57, 69.1, 50, 932.22, 22.9, '2017-06-12 10:29:00', '2017-06-12 10:29:00'),
(1269, '2017-06-12 10:44:00', 697.66, 69.3, 50, 932.21, 22.9, '2017-06-12 10:44:00', '2017-06-12 10:44:00'),
(1270, '2017-06-12 10:59:00', 699, 69.4, 50, 932.11, 22.9, '2017-06-12 10:59:00', '2017-06-12 10:59:00'),
(1271, '2017-06-12 11:14:00', 699.17, 69.5, 50, 932.04, 23, '2017-06-12 11:14:00', '2017-06-12 11:14:00'),
(1272, '2017-06-12 11:29:00', 700.42, 69.6, 50, 931.94, 23.1, '2017-06-12 11:29:00', '2017-06-12 11:29:00'),
(1273, '2017-06-12 11:44:00', 702.03, 69.6, 50, 931.73, 23, '2017-06-12 11:44:00', '2017-06-12 11:44:00'),
(1274, '2017-06-12 11:59:00', 703.9, 69.7, 50, 931.43, 23.1, '2017-06-12 11:59:00', '2017-06-12 11:59:00'),
(1275, '2017-06-12 12:14:00', 707.11, 70, 50, 931.19, 23.1, '2017-06-12 12:14:00', '2017-06-12 12:14:00'),
(1276, '2017-06-12 12:29:00', 710.4, 69.9, 50, 930.73, 23.2, '2017-06-12 12:29:00', '2017-06-12 12:29:00'),
(1277, '2017-06-12 12:44:00', 697.57, 70, 50, 932.25, 23.2, '2017-06-12 12:44:00', '2017-06-12 12:44:00'),
(1278, '2017-06-12 12:59:00', 699.71, 70.5, 49, 931.95, 23.1, '2017-06-12 12:59:00', '2017-06-12 12:59:00'),
(1279, '2017-06-12 13:14:00', 700.51, 71.7, 49, 931.93, 23.1, '2017-06-12 13:14:00', '2017-06-12 13:14:00'),
(1280, '2017-06-12 13:29:00', 699, 72.5, 49, 932.07, 23.1, '2017-06-12 13:29:00', '2017-06-12 13:29:00'),
(1281, '2017-06-12 13:44:00', 700.96, 72.9, 49, 931.92, 23.1, '2017-06-12 13:44:00', '2017-06-12 13:44:00'),
(1282, '2017-06-12 13:59:00', 702.56, 73.1, 49, 931.65, 23.1, '2017-06-12 13:59:00', '2017-06-12 13:59:00'),
(1283, '2017-06-12 14:14:00', 702.56, 73.2, 49, 931.66, 23.1, '2017-06-12 14:14:00', '2017-06-12 14:14:00'),
(1284, '2017-06-12 14:29:00', 703.27, 73.3, 49, 931.56, 23.2, '2017-06-12 14:29:00', '2017-06-12 14:29:00'),
(1285, '2017-06-12 14:44:00', 702.92, 73.6, 49, 931.66, 23.2, '2017-06-12 14:44:00', '2017-06-12 14:44:00'),
(1286, '2017-06-12 14:59:00', 706.04, 73.5, 49, 931.31, 23.2, '2017-06-12 14:59:00', '2017-06-12 14:59:00'),
(1287, '2017-06-12 15:14:00', 707.37, 73.6, 49, 931.08, 23.2, '2017-06-12 15:14:00', '2017-06-12 15:14:00'),
(1288, '2017-06-12 15:29:00', 708.53, 73.6, 49, 931.04, 23.2, '2017-06-12 15:29:00', '2017-06-12 15:29:00'),
(1289, '2017-06-12 15:44:00', 710.58, 73.8, 49, 930.82, 23.2, '2017-06-12 15:44:00', '2017-06-12 15:44:00'),
(1290, '2017-06-12 15:59:00', 710.49, 73.8, 49, 930.8, 23.2, '2017-06-12 15:59:00', '2017-06-12 15:59:00'),
(1291, '2017-06-12 16:14:00', 710.14, 74, 49, 930.89, 23.3, '2017-06-12 16:14:00', '2017-06-12 16:14:00'),
(1292, '2017-06-12 16:29:00', 710.76, 74, 49, 930.74, 23.3, '2017-06-12 16:29:00', '2017-06-12 16:29:00'),
(1293, '2017-06-12 16:44:00', 712.46, 74.3, 49, 930.55, 23.4, '2017-06-12 16:44:00', '2017-06-12 16:44:00'),
(1294, '2017-06-12 16:59:00', 712.72, 74.2, 49, 930.49, 23.3, '2017-06-12 16:59:00', '2017-06-12 16:59:00'),
(1295, '2017-06-12 17:14:00', 711.74, 74.8, 49, 930.62, 23.3, '2017-06-12 17:14:00', '2017-06-12 17:14:00'),
(1296, '2017-06-12 17:29:00', 711.12, 74.5, 49, 930.73, 23.3, '2017-06-12 17:29:00', '2017-06-12 17:29:00'),
(1297, '2017-06-12 17:44:00', 709.69, 74.8, 49, 930.85, 23.2, '2017-06-12 17:44:00', '2017-06-12 17:44:00'),
(1298, '2017-06-12 17:59:00', 709.07, 75, 49, 931.01, 23.3, '2017-06-12 17:59:00', '2017-06-12 17:59:00'),
(1299, '2017-06-12 18:14:00', 708.18, 74.9, 49, 931, 23.5, '2017-06-12 18:14:00', '2017-06-12 18:14:00'),
(1300, '2017-06-12 18:29:00', 708.62, 74.4, 49, 930.91, 23.5, '2017-06-12 18:29:00', '2017-06-12 18:29:00'),
(1301, '2017-06-12 18:44:00', 710.05, 74.4, 49, 930.83, 23.3, '2017-06-12 18:44:00', '2017-06-12 18:44:00'),
(1302, '2017-06-12 18:59:00', 709.42, 74.7, 49, 930.92, 23.3, '2017-06-12 18:59:00', '2017-06-12 18:59:00'),
(1303, '2017-06-12 19:14:00', 709.33, 74.7, 49, 930.96, 23.2, '2017-06-12 19:14:00', '2017-06-12 19:14:00'),
(1304, '2017-06-12 19:29:00', 709.6, 73.5, 48, 930.89, 23.1, '2017-06-12 19:29:00', '2017-06-12 19:29:00'),
(1305, '2017-06-12 19:44:00', 706.3, 74.4, 48, 931.25, 23.1, '2017-06-12 19:44:00', '2017-06-12 19:44:00'),
(1306, '2017-06-12 19:59:00', 707.28, 74.6, 48, 931.16, 22.9, '2017-06-12 19:59:00', '2017-06-12 19:59:00'),
(1307, '2017-06-12 20:14:00', 706.3, 74.8, 48, 931.24, 23.2, '2017-06-12 20:14:00', '2017-06-12 20:14:00'),
(1308, '2017-06-12 20:30:00', 706.57, 76, 48, 931.24, 23.2, '2017-06-12 20:30:00', '2017-06-12 20:30:00'),
(1309, '2017-06-12 20:45:00', 705.68, 76.7, 48, 931.28, 23.2, '2017-06-12 20:45:00', '2017-06-12 20:45:00'),
(1310, '2017-06-12 21:00:00', 705.68, 76.8, 48, 931.33, 23.3, '2017-06-12 21:00:00', '2017-06-12 21:00:00'),
(1311, '2017-06-12 21:15:00', 705.77, 76.7, 49, 931.3, 23.4, '2017-06-12 21:15:00', '2017-06-12 21:15:00'),
(1312, '2017-06-12 21:30:00', 706.13, 77, 48, 931.3, 23.3, '2017-06-12 21:30:00', '2017-06-12 21:30:00'),
(1313, '2017-06-12 21:45:00', 707.11, 76.5, 48, 931.18, 23.2, '2017-06-12 21:45:00', '2017-06-12 21:45:00'),
(1314, '2017-06-12 22:00:00', 706.75, 76, 48, 931.24, 23.2, '2017-06-12 22:00:00', '2017-06-12 22:00:00'),
(1315, '2017-06-12 22:15:00', 706.75, 76.1, 48, 931.22, 23.1, '2017-06-12 22:15:00', '2017-06-12 22:15:00'),
(1316, '2017-06-12 22:30:00', 707.37, 76.3, 48, 931.17, 23.1, '2017-06-12 22:30:00', '2017-06-12 22:30:00'),
(1317, '2017-06-12 22:45:00', 708.71, 76.4, 48, 930.96, 23.1, '2017-06-12 22:45:00', '2017-06-12 22:45:00'),
(1318, '2017-06-12 23:00:00', 708.18, 75.7, 48, 931.03, 23.1, '2017-06-12 23:00:00', '2017-06-12 23:00:00'),
(1319, '2017-06-12 23:15:00', 708, 75.5, 48, 931.04, 23.2, '2017-06-12 23:15:00', '2017-06-12 23:15:00'),
(1320, '2017-06-12 23:30:00', 708.8, 75.2, 48, 930.92, 23.3, '2017-06-12 23:30:00', '2017-06-12 23:30:00'),
(1321, '2017-06-12 23:45:00', 707.91, 74.9, 48, 931.02, 23.4, '2017-06-12 23:45:00', '2017-06-12 23:45:00'),
(1322, '2017-06-13 00:00:00', 706.48, 74.3, 48, 931.24, 23.5, '2017-06-13 00:00:00', '2017-06-13 00:00:00'),
(1323, '2017-06-13 00:15:00', 707.28, 73.9, 48, 931.14, 23.4, '2017-06-13 00:15:00', '2017-06-13 00:15:00'),
(1324, '2017-06-13 00:30:00', 706.48, 73.9, 48, 931.27, 23.4, '2017-06-13 00:30:00', '2017-06-13 00:30:00');
INSERT INTO `medicoes` (`id`, `data_hora`, `altura_mar`, `humidade_ar`, `humidade_solo`, `pressao_ar`, `temperatura_ar`, `cadastrado`, `modificado`) VALUES
(1325, '2017-06-13 00:45:00', 706.75, 73.8, 48, 931.22, 23.3, '2017-06-13 00:45:00', '2017-06-13 00:45:00'),
(1326, '2017-06-13 01:00:00', 705.95, 73.5, 48, 931.24, 23.2, '2017-06-13 01:00:00', '2017-06-13 01:00:00'),
(1327, '2017-06-13 01:15:00', 706.48, 74.2, 48, 931.19, 23.1, '2017-06-13 01:15:00', '2017-06-13 01:15:00'),
(1328, '2017-06-13 01:30:00', 708.35, 74.3, 48, 931.04, 23.1, '2017-06-13 01:30:00', '2017-06-13 01:30:00'),
(1329, '2017-06-13 01:45:00', 707.91, 74.2, 47, 931.09, 23.1, '2017-06-13 01:45:00', '2017-06-13 01:45:00'),
(1330, '2017-06-13 02:00:00', 708.18, 73.9, 47, 931, 23, '2017-06-13 02:00:00', '2017-06-13 02:00:00'),
(1331, '2017-06-13 02:15:00', 708.35, 73.9, 47, 930.96, 22.9, '2017-06-13 02:15:00', '2017-06-13 02:15:00'),
(1332, '2017-06-13 02:30:00', 708.89, 73.6, 47, 930.96, 22.9, '2017-06-13 02:30:00', '2017-06-13 02:30:00'),
(1333, '2017-06-13 02:45:00', 709.87, 73.5, 47, 930.78, 22.9, '2017-06-13 02:45:00', '2017-06-13 02:45:00'),
(1334, '2017-06-13 03:00:00', 710.4, 73.3, 47, 930.77, 22.9, '2017-06-13 03:00:00', '2017-06-13 03:00:00'),
(1335, '2017-06-13 03:15:00', 711.12, 73.6, 47, 930.67, 22.9, '2017-06-13 03:15:00', '2017-06-13 03:15:00'),
(1336, '2017-06-13 03:30:00', 710.85, 73.5, 47, 930.75, 22.8, '2017-06-13 03:30:00', '2017-06-13 03:30:00'),
(1337, '2017-06-13 03:45:00', 711.03, 73.3, 47, 930.75, 22.8, '2017-06-13 03:45:00', '2017-06-13 03:45:00'),
(1338, '2017-06-13 04:00:00', 710.85, 73.4, 47, 930.77, 22.8, '2017-06-13 04:00:00', '2017-06-13 04:00:00'),
(1339, '2017-06-13 04:15:00', 710.85, 73.4, 47, 930.73, 22.7, '2017-06-13 04:15:00', '2017-06-13 04:15:00'),
(1340, '2017-06-13 04:30:00', 710.94, 73.2, 47, 930.72, 22.7, '2017-06-13 04:30:00', '2017-06-13 04:30:00'),
(1341, '2017-06-13 04:45:00', 710.94, 73.1, 47, 930.7, 22.7, '2017-06-13 04:45:00', '2017-06-13 04:45:00'),
(1342, '2017-06-13 05:00:00', 712.37, 73.1, 47, 930.55, 22.7, '2017-06-13 05:00:00', '2017-06-13 05:00:00'),
(1343, '2017-06-13 05:15:00', 710.49, 73, 47, 930.71, 22.7, '2017-06-13 05:15:00', '2017-06-13 05:15:00'),
(1344, '2017-06-13 05:30:00', 710.05, 72.8, 46, 930.81, 22.6, '2017-06-13 05:30:00', '2017-06-13 05:30:00'),
(1345, '2017-06-13 05:45:00', 710.67, 73.1, 46, 930.8, 22.6, '2017-06-13 05:45:00', '2017-06-13 05:45:00'),
(1346, '2017-06-13 06:00:00', 711.65, 72.8, 47, 930.65, 22.6, '2017-06-13 06:00:00', '2017-06-13 06:00:00'),
(1347, '2017-06-13 06:15:00', 709.25, 72.5, 46, 930.94, 22.6, '2017-06-13 06:15:00', '2017-06-13 06:15:00'),
(1348, '2017-06-13 06:30:00', 708.98, 72.2, 46, 930.99, 22.7, '2017-06-13 06:30:00', '2017-06-13 06:30:00'),
(1349, '2017-06-13 06:45:00', 706.66, 73.5, 46, 931.22, 22.6, '2017-06-13 06:45:00', '2017-06-13 06:45:00'),
(1350, '2017-06-13 07:00:00', 706.3, 73.5, 46, 931.25, 22.6, '2017-06-13 07:00:00', '2017-06-13 07:00:00'),
(1351, '2017-06-13 07:15:00', 703.81, 73.2, 46, 931.46, 22.6, '2017-06-13 07:15:00', '2017-06-13 07:15:00'),
(1352, '2017-06-13 07:30:00', 704.34, 73.3, 46, 931.44, 22.5, '2017-06-13 07:30:00', '2017-06-13 07:30:00'),
(1353, '2017-06-13 07:45:00', 703.18, 73.2, 46, 931.59, 22.5, '2017-06-13 07:45:00', '2017-06-13 07:45:00'),
(1354, '2017-06-13 08:00:00', 702.47, 73, 46, 931.71, 22.6, '2017-06-13 08:00:00', '2017-06-13 08:00:00'),
(1355, '2017-06-13 08:15:00', 700.78, 72.9, 46, 931.86, 22.5, '2017-06-13 08:15:00', '2017-06-13 08:15:00'),
(1356, '2017-06-13 08:30:00', 699, 73, 46, 932.06, 22.6, '2017-06-13 08:30:00', '2017-06-13 08:30:00'),
(1357, '2017-06-13 08:45:00', 697.04, 73.3, 46, 932.25, 22.7, '2017-06-13 08:45:00', '2017-06-13 08:45:00'),
(1358, '2017-06-13 09:00:00', 697.3, 72.9, 46, 932.2, 22.6, '2017-06-13 09:00:00', '2017-06-13 09:00:00'),
(1359, '2017-06-13 09:15:00', 697.57, 73.2, 46, 932.26, 22.6, '2017-06-13 09:15:00', '2017-06-13 09:15:00'),
(1360, '2017-06-13 09:30:00', 694.9, 73.6, 46, 932.52, 22.6, '2017-06-13 09:30:00', '2017-06-13 09:30:00'),
(1361, '2017-06-13 09:45:00', 694.9, 73.9, 46, 932.46, 22.6, '2017-06-13 09:45:00', '2017-06-13 09:45:00'),
(1362, '2017-06-13 10:00:00', 695.43, 74, 46, 932.4, 22.6, '2017-06-13 10:00:00', '2017-06-13 10:00:00'),
(1363, '2017-06-13 10:15:00', 695.61, 74.2, 46, 932.5, 22.7, '2017-06-13 10:15:00', '2017-06-13 10:15:00'),
(1364, '2017-06-13 10:30:00', 694.1, 74.3, 46, 932.61, 22.7, '2017-06-13 10:30:00', '2017-06-13 10:30:00'),
(1365, '2017-06-13 10:45:00', 693.83, 74.8, 45, 932.67, 22.8, '2017-06-13 10:45:00', '2017-06-13 10:45:00'),
(1366, '2017-06-13 11:00:00', 694.9, 74.9, 45, 932.47, 22.7, '2017-06-13 11:00:00', '2017-06-13 11:00:00'),
(1367, '2017-06-13 11:15:00', 696.95, 75.3, 45, 932.28, 22.8, '2017-06-13 11:15:00', '2017-06-13 11:15:00'),
(1368, '2017-06-13 11:30:00', 698.73, 75.3, 45, 932.12, 22.9, '2017-06-13 11:30:00', '2017-06-13 11:30:00'),
(1369, '2017-06-13 11:45:00', 697.93, 75.9, 45, 932.19, 23, '2017-06-13 11:45:00', '2017-06-13 11:45:00'),
(1370, '2017-06-13 12:00:00', 700.24, 75.6, 45, 931.94, 22.9, '2017-06-13 12:00:00', '2017-06-13 12:00:00'),
(1371, '2017-06-13 12:15:00', 701.85, 75.9, 45, 931.78, 23, '2017-06-13 12:15:00', '2017-06-13 12:15:00'),
(1372, '2017-06-13 12:30:00', 704.43, 76.1, 45, 931.61, 23.1, '2017-06-13 12:30:00', '2017-06-13 12:30:00'),
(1373, '2017-06-13 12:45:00', 705.59, 76.1, 45, 931.31, 23.1, '2017-06-13 12:45:00', '2017-06-13 12:45:00'),
(1374, '2017-06-13 13:00:00', 706.93, 76.4, 45, 931.17, 23.1, '2017-06-13 13:00:00', '2017-06-13 13:00:00'),
(1375, '2017-06-13 13:15:00', 707.91, 76.4, 45, 931.06, 23.1, '2017-06-13 13:15:00', '2017-06-13 13:15:00'),
(1376, '2017-06-13 13:30:00', 708, 76.7, 45, 931.02, 23.2, '2017-06-13 13:30:00', '2017-06-13 13:30:00'),
(1377, '2017-06-13 13:45:00', 709.69, 77.1, 45, 930.85, 23.2, '2017-06-13 13:45:00', '2017-06-13 13:45:00'),
(1378, '2017-06-13 14:00:00', 711.65, 77.2, 45, 930.6, 23.2, '2017-06-13 14:00:00', '2017-06-13 14:00:00'),
(1379, '2017-06-13 14:15:00', 712.72, 77.4, 45, 930.58, 23.3, '2017-06-13 14:15:00', '2017-06-13 14:15:00'),
(1380, '2017-06-13 14:30:00', 712.28, 77.5, 45, 930.51, 23.3, '2017-06-13 14:30:00', '2017-06-13 14:30:00'),
(1381, '2017-06-13 14:45:00', 713.35, 77.6, 45, 930.47, 23.4, '2017-06-13 14:45:00', '2017-06-13 14:45:00'),
(1382, '2017-06-13 15:00:00', 713.79, 77.7, 45, 930.43, 23.4, '2017-06-13 15:00:00', '2017-06-13 15:00:00'),
(1383, '2017-06-13 15:15:00', 712.99, 77.6, 45, 930.41, 23.5, '2017-06-13 15:15:00', '2017-06-13 15:15:00'),
(1384, '2017-06-13 15:31:00', 714.06, 77.8, 45, 930.33, 23.5, '2017-06-13 15:31:00', '2017-06-13 15:31:00'),
(1385, '2017-06-13 15:46:00', 713.88, 77.9, 45, 930.34, 23.5, '2017-06-13 15:46:00', '2017-06-13 15:46:00'),
(1386, '2017-06-13 16:01:00', 713.79, 78.1, 45, 930.43, 23.6, '2017-06-13 16:01:00', '2017-06-13 16:01:00'),
(1387, '2017-06-13 16:16:00', 713.62, 78.4, 45, 930.42, 23.6, '2017-06-13 16:16:00', '2017-06-13 16:16:00'),
(1388, '2017-06-13 16:31:00', 712.72, 78.7, 45, 930.43, 23.6, '2017-06-13 16:31:00', '2017-06-13 16:31:00'),
(1389, '2017-06-13 16:46:00', 712.72, 78.9, 45, 930.56, 23.8, '2017-06-13 16:46:00', '2017-06-13 16:46:00'),
(1390, '2017-06-13 17:01:00', 711.74, 78.3, 45, 930.66, 23.8, '2017-06-13 17:01:00', '2017-06-13 17:01:00'),
(1391, '2017-06-13 17:16:00', 709.96, 78.5, 45, 930.8, 24.1, '2017-06-13 17:16:00', '2017-06-13 17:16:00'),
(1392, '2017-06-13 17:31:00', 709.96, 77.6, 45, 930.88, 23.9, '2017-06-13 17:31:00', '2017-06-13 17:31:00'),
(1393, '2017-06-13 17:46:00', 707.64, 78.6, 45, 931.09, 24, '2017-06-13 17:46:00', '2017-06-13 17:46:00'),
(1394, '2017-06-13 18:01:00', 707.55, 79, 45, 931.2, 24, '2017-06-13 18:01:00', '2017-06-13 18:01:00'),
(1395, '2017-06-13 18:16:00', 707.28, 78.9, 45, 931.08, 24, '2017-06-13 18:16:00', '2017-06-13 18:16:00'),
(1396, '2017-06-13 18:31:00', 704.25, 78.9, 45, 931.47, 24.1, '2017-06-13 18:31:00', '2017-06-13 18:31:00'),
(1397, '2017-06-13 18:46:00', 702.65, 78.9, 45, 931.68, 23.9, '2017-06-13 18:46:00', '2017-06-13 18:46:00'),
(1398, '2017-06-13 19:01:00', 701.49, 79.6, 45, 931.75, 23.9, '2017-06-13 19:01:00', '2017-06-13 19:01:00'),
(1399, '2017-06-13 19:16:00', 699.8, 79.8, 45, 932.07, 23.9, '2017-06-13 19:16:00', '2017-06-13 19:16:00'),
(1400, '2017-06-13 19:31:00', 699, 80.1, 45, 932.1, 23.9, '2017-06-13 19:31:00', '2017-06-13 19:31:00'),
(1401, '2017-06-13 19:46:00', 698.37, 80.3, 44, 932.13, 23.8, '2017-06-13 19:46:00', '2017-06-13 19:46:00'),
(1402, '2017-06-13 20:01:00', 697.48, 80.7, 44, 932.23, 23.9, '2017-06-13 20:01:00', '2017-06-13 20:01:00'),
(1403, '2017-06-13 20:16:00', 696.32, 81.4, 44, 932.36, 23.9, '2017-06-13 20:16:00', '2017-06-13 20:16:00'),
(1404, '2017-06-13 20:31:00', 696.5, 80.9, 44, 932.33, 23.9, '2017-06-13 20:31:00', '2017-06-13 20:31:00'),
(1405, '2017-06-13 20:46:00', 694.81, 80.2, 44, 932.59, 23.9, '2017-06-13 20:46:00', '2017-06-13 20:46:00'),
(1406, '2017-06-13 21:01:00', 694.99, 80.5, 44, 932.51, 23.9, '2017-06-13 21:01:00', '2017-06-13 21:01:00'),
(1407, '2017-06-13 21:16:00', 692.58, 80.3, 44, 932.83, 23.8, '2017-06-13 21:16:00', '2017-06-13 21:16:00'),
(1408, '2017-06-13 21:31:00', 692.94, 80.6, 44, 932.76, 23.9, '2017-06-13 21:31:00', '2017-06-13 21:31:00'),
(1409, '2017-06-13 21:46:00', 691.34, 80.8, 44, 932.97, 23.9, '2017-06-13 21:46:00', '2017-06-13 21:46:00'),
(1410, '2017-06-13 22:01:00', 689.91, 81.1, 44, 933.05, 23.9, '2017-06-13 22:01:00', '2017-06-13 22:01:00'),
(1411, '2017-06-13 22:16:00', 689.91, 80.3, 44, 933.1, 24, '2017-06-13 22:16:00', '2017-06-13 22:16:00'),
(1412, '2017-06-13 22:31:00', 689.38, 82.2, 44, 933.18, 24, '2017-06-13 22:31:00', '2017-06-13 22:31:00'),
(1413, '2017-06-13 22:46:00', 688.31, 82.9, 44, 933.28, 24, '2017-06-13 22:46:00', '2017-06-13 22:46:00'),
(1414, '2017-06-13 23:01:00', 688.4, 82.9, 44, 933.22, 24, '2017-06-13 23:01:00', '2017-06-13 23:01:00'),
(1415, '2017-06-13 23:16:00', 686.18, 82.9, 44, 933.59, 24, '2017-06-13 23:16:00', '2017-06-13 23:16:00'),
(1416, '2017-06-13 23:31:00', 685.64, 83.1, 44, 933.58, 24.1, '2017-06-13 23:31:00', '2017-06-13 23:31:00'),
(1417, '2017-06-13 23:46:00', 685.64, 83.2, 44, 933.5, 24.3, '2017-06-13 23:46:00', '2017-06-13 23:46:00'),
(1418, '2017-06-14 00:01:00', 686.18, 83, 44, 933.63, 24.3, '2017-06-14 00:01:00', '2017-06-14 00:01:00'),
(1419, '2017-06-14 00:16:00', 685.55, 82.5, 44, 933.59, 24.5, '2017-06-14 00:16:00', '2017-06-14 00:16:00'),
(1420, '2017-06-14 00:31:00', 684.84, 82.1, 44, 933.64, 24.5, '2017-06-14 00:31:00', '2017-06-14 00:31:00'),
(1421, '2017-06-14 00:46:00', 684.93, 82, 44, 933.7, 24.3, '2017-06-14 00:46:00', '2017-06-14 00:46:00'),
(1422, '2017-06-14 01:01:00', 684.75, 81.7, 44, 933.67, 24.2, '2017-06-14 01:01:00', '2017-06-14 01:01:00'),
(1423, '2017-06-14 01:16:00', 684.58, 81.9, 44, 933.6, 24.2, '2017-06-14 01:16:00', '2017-06-14 01:16:00'),
(1424, '2017-06-14 01:31:00', 684.58, 81.7, 44, 933.66, 24.1, '2017-06-14 01:31:00', '2017-06-14 01:31:00'),
(1425, '2017-06-14 01:46:00', 683.33, 81.5, 44, 933.85, 24.1, '2017-06-14 01:46:00', '2017-06-14 01:46:00'),
(1426, '2017-06-14 02:01:00', 684.84, 81.2, 43, 933.73, 24.1, '2017-06-14 02:01:00', '2017-06-14 02:01:00'),
(1427, '2017-06-14 02:16:00', 685.82, 81.1, 43, 933.6, 24, '2017-06-14 02:16:00', '2017-06-14 02:16:00'),
(1428, '2017-06-14 02:31:00', 685.55, 81.3, 43, 933.62, 24, '2017-06-14 02:31:00', '2017-06-14 02:31:00'),
(1429, '2017-06-14 02:46:00', 685.47, 81.4, 43, 933.53, 24, '2017-06-14 02:46:00', '2017-06-14 02:46:00'),
(1430, '2017-06-14 03:01:00', 685.38, 81.4, 43, 933.52, 24, '2017-06-14 03:01:00', '2017-06-14 03:01:00'),
(1431, '2017-06-14 03:16:00', 686.35, 81, 43, 933.43, 23.9, '2017-06-14 03:16:00', '2017-06-14 03:16:00'),
(1432, '2017-06-14 03:31:00', 687.07, 81, 43, 933.41, 23.9, '2017-06-14 03:31:00', '2017-06-14 03:31:00'),
(1433, '2017-06-14 03:46:00', 688.58, 80.9, 43, 933.17, 23.9, '2017-06-14 03:46:00', '2017-06-14 03:46:00'),
(1434, '2017-06-14 04:01:00', 689.65, 80.7, 43, 933.14, 23.9, '2017-06-14 04:01:00', '2017-06-14 04:01:00'),
(1435, '2017-06-14 04:16:00', 689.2, 80.6, 43, 933.19, 23.8, '2017-06-14 04:16:00', '2017-06-14 04:16:00'),
(1436, '2017-06-14 04:31:00', 689.56, 80.4, 43, 933.16, 23.8, '2017-06-14 04:31:00', '2017-06-14 04:31:00'),
(1437, '2017-06-14 04:46:00', 690.36, 80.4, 42, 933.07, 23.8, '2017-06-14 04:46:00', '2017-06-14 04:46:00'),
(1438, '2017-06-14 05:01:00', 687.96, 80.3, 42, 933.25, 23.8, '2017-06-14 05:01:00', '2017-06-14 05:01:00'),
(1439, '2017-06-14 05:16:00', 688.85, 80.1, 42, 933.18, 23.8, '2017-06-14 05:16:00', '2017-06-14 05:16:00'),
(1440, '2017-06-14 05:31:00', 688.85, 80.1, 42, 933.21, 23.8, '2017-06-14 05:31:00', '2017-06-14 05:31:00'),
(1441, '2017-06-14 05:46:00', 688.58, 79.9, 42, 933.28, 23.7, '2017-06-14 05:46:00', '2017-06-14 05:46:00'),
(1442, '2017-06-14 06:01:00', 687.6, 79.8, 42, 933.26, 23.7, '2017-06-14 06:01:00', '2017-06-14 06:01:00'),
(1443, '2017-06-14 06:16:00', 686.62, 79.7, 42, 933.45, 23.7, '2017-06-14 06:16:00', '2017-06-14 06:16:00'),
(1444, '2017-06-14 06:31:00', 685.82, 79.7, 42, 933.54, 23.6, '2017-06-14 06:31:00', '2017-06-14 06:31:00'),
(1445, '2017-06-14 06:46:00', 684.67, 80, 42, 933.67, 23.6, '2017-06-14 06:46:00', '2017-06-14 06:46:00'),
(1446, '2017-06-14 07:01:00', 683.6, 79.8, 42, 933.79, 23.8, '2017-06-14 07:01:00', '2017-06-14 07:01:00'),
(1447, '2017-06-14 07:16:00', 683.24, 80.5, 42, 933.75, 23.7, '2017-06-14 07:16:00', '2017-06-14 07:16:00'),
(1448, '2017-06-14 07:31:00', 680.57, 80.8, 42, 934.13, 23.7, '2017-06-14 07:31:00', '2017-06-14 07:31:00'),
(1449, '2017-06-14 07:46:00', 679.06, 80.7, 42, 934.27, 23.7, '2017-06-14 07:46:00', '2017-06-14 07:46:00'),
(1450, '2017-06-14 08:01:00', 679.69, 81.1, 41, 934.26, 23.6, '2017-06-14 08:01:00', '2017-06-14 08:01:00'),
(1451, '2017-06-14 08:16:00', 677.55, 80.8, 41, 934.5, 23.6, '2017-06-14 08:16:00', '2017-06-14 08:16:00'),
(1452, '2017-06-14 08:31:00', 676.93, 80.8, 41, 934.51, 23.6, '2017-06-14 08:31:00', '2017-06-14 08:31:00'),
(1453, '2017-06-14 08:46:00', 676.66, 80.7, 41, 934.62, 23.6, '2017-06-14 08:46:00', '2017-06-14 08:46:00'),
(1454, '2017-06-14 09:01:00', 675.6, 80.8, 41, 934.69, 23.6, '2017-06-14 09:01:00', '2017-06-14 09:01:00'),
(1455, '2017-06-14 09:31:00', 676.13, 80.8, 41, 934.69, 23.6, '2017-06-14 09:31:00', '2017-06-14 09:31:00'),
(1456, '2017-06-14 09:46:00', 675.42, 80.9, 41, 934.71, 23.6, '2017-06-14 09:46:00', '2017-06-14 09:46:00'),
(1457, '2017-06-14 10:02:00', 674.35, 80.5, 41, 934.84, 23.7, '2017-06-14 10:02:00', '2017-06-14 10:02:00'),
(1458, '2017-06-14 10:17:00', 673.91, 80.1, 41, 934.9, 23.7, '2017-06-14 10:17:00', '2017-06-14 10:17:00'),
(1459, '2017-06-14 10:32:00', 674.26, 80.2, 41, 934.89, 23.7, '2017-06-14 10:32:00', '2017-06-14 10:32:00'),
(1460, '2017-06-14 10:47:00', 674.97, 80.2, 40, 934.75, 23.7, '2017-06-14 10:47:00', '2017-06-14 10:47:00'),
(1461, '2017-06-14 11:02:00', 676.66, 80.1, 40, 934.56, 23.7, '2017-06-14 11:02:00', '2017-06-14 11:02:00'),
(1462, '2017-06-14 11:17:00', 676.04, 80.2, 40, 934.62, 23.8, '2017-06-14 11:17:00', '2017-06-14 11:17:00'),
(1463, '2017-06-14 11:32:00', 678.08, 80.3, 40, 934.38, 23.8, '2017-06-14 11:32:00', '2017-06-14 11:32:00'),
(1464, '2017-06-14 11:47:00', 679.6, 80.3, 40, 934.24, 24, '2017-06-14 11:47:00', '2017-06-14 11:47:00'),
(1465, '2017-06-14 12:02:00', 682.26, 80.2, 40, 933.9, 24, '2017-06-14 12:02:00', '2017-06-14 12:02:00'),
(1466, '2017-06-14 12:17:00', 683.78, 80.6, 40, 933.73, 23.9, '2017-06-14 12:17:00', '2017-06-14 12:17:00'),
(1467, '2017-06-14 12:32:00', 685.29, 80.3, 40, 933.62, 23.9, '2017-06-14 12:32:00', '2017-06-14 12:32:00'),
(1468, '2017-06-14 12:47:00', 684.58, 80.5, 40, 933.65, 23.9, '2017-06-14 12:47:00', '2017-06-14 12:47:00'),
(1469, '2017-06-14 13:02:00', 682.08, 80.9, 40, 934.01, 23.9, '2017-06-14 13:02:00', '2017-06-14 13:02:00'),
(1470, '2017-06-14 13:17:00', 687.6, 80.9, 40, 933.34, 24, '2017-06-14 13:17:00', '2017-06-14 13:17:00'),
(1471, '2017-06-14 13:32:00', 688.85, 80.9, 40, 933.19, 24, '2017-06-14 13:32:00', '2017-06-14 13:32:00'),
(1472, '2017-06-14 13:47:00', 689.56, 80.9, 39, 933.12, 24, '2017-06-14 13:47:00', '2017-06-14 13:47:00'),
(1473, '2017-06-14 14:02:00', 690.72, 81, 40, 932.97, 24, '2017-06-14 14:02:00', '2017-06-14 14:02:00'),
(1474, '2017-06-14 14:17:00', 691.96, 80.7, 39, 932.83, 24.1, '2017-06-14 14:17:00', '2017-06-14 14:17:00'),
(1475, '2017-06-14 14:32:00', 693.65, 80.7, 39, 932.72, 24.1, '2017-06-14 14:32:00', '2017-06-14 14:32:00'),
(1476, '2017-06-14 14:47:00', 692.76, 81.2, 39, 932.75, 24.1, '2017-06-14 14:47:00', '2017-06-14 14:47:00'),
(1477, '2017-06-14 15:02:00', 694.28, 81.4, 39, 932.63, 24.1, '2017-06-14 15:02:00', '2017-06-14 15:02:00'),
(1478, '2017-06-14 15:17:00', 694.1, 81.5, 39, 932.57, 24.2, '2017-06-14 15:17:00', '2017-06-14 15:17:00'),
(1479, '2017-06-14 15:32:00', 695.61, 81.9, 39, 932.51, 24.2, '2017-06-14 15:32:00', '2017-06-14 15:32:00'),
(1480, '2017-06-14 15:47:00', 694.81, 81.9, 39, 932.53, 24.3, '2017-06-14 15:47:00', '2017-06-14 15:47:00'),
(1481, '2017-06-14 16:02:00', 694.46, 81.8, 39, 932.53, 24.2, '2017-06-14 16:02:00', '2017-06-14 16:02:00'),
(1482, '2017-06-14 16:17:00', 694.01, 82, 39, 932.61, 24.2, '2017-06-14 16:17:00', '2017-06-14 16:17:00'),
(1483, '2017-06-14 16:32:00', 694.28, 82.3, 39, 932.57, 24.2, '2017-06-14 16:32:00', '2017-06-14 16:32:00'),
(1484, '2017-06-14 16:47:00', 694.99, 82.6, 39, 932.51, 24.3, '2017-06-14 16:47:00', '2017-06-14 16:47:00'),
(1485, '2017-06-14 17:02:00', 694.37, 82.6, 39, 932.58, 24.3, '2017-06-14 17:02:00', '2017-06-14 17:02:00'),
(1486, '2017-06-14 17:17:00', 694.72, 83.3, 39, 932.57, 24.4, '2017-06-14 17:17:00', '2017-06-14 17:17:00'),
(1487, '2017-06-14 17:32:00', 693.48, 82.5, 38, 932.73, 24.5, '2017-06-14 17:32:00', '2017-06-14 17:32:00'),
(1488, '2017-06-14 17:47:00', 692.14, 82.5, 38, 932.76, 24.7, '2017-06-14 17:47:00', '2017-06-14 17:47:00'),
(1489, '2017-06-14 18:02:00', 691.96, 81.1, 38, 932.89, 24.7, '2017-06-14 18:02:00', '2017-06-14 18:02:00'),
(1490, '2017-06-14 18:17:00', 691.16, 81.7, 38, 932.94, 24.8, '2017-06-14 18:17:00', '2017-06-14 18:17:00'),
(1491, '2017-06-14 18:32:00', 691.07, 81.4, 38, 932.99, 24.7, '2017-06-14 18:32:00', '2017-06-14 18:32:00'),
(1492, '2017-06-14 18:47:00', 690.18, 81.4, 38, 933.01, 24.5, '2017-06-14 18:47:00', '2017-06-14 18:47:00'),
(1493, '2017-06-14 19:02:00', 689.65, 82, 38, 933.16, 24.4, '2017-06-14 19:02:00', '2017-06-14 19:02:00'),
(1494, '2017-06-14 19:17:00', 687.87, 82.4, 39, 933.34, 24.3, '2017-06-14 19:17:00', '2017-06-14 19:17:00'),
(1495, '2017-06-14 19:32:00', 686.89, 82.5, 39, 933.46, 24.3, '2017-06-14 19:32:00', '2017-06-14 19:32:00'),
(1496, '2017-06-14 19:47:00', 686.18, 82.3, 38, 933.52, 24.6, '2017-06-14 19:47:00', '2017-06-14 19:47:00'),
(1497, '2017-06-14 20:02:00', 684.93, 81.6, 39, 933.59, 24.8, '2017-06-14 20:02:00', '2017-06-14 20:02:00'),
(1498, '2017-06-14 20:17:00', 683.69, 80.6, 39, 933.8, 24.5, '2017-06-14 20:17:00', '2017-06-14 20:17:00'),
(1499, '2017-06-14 20:32:00', 683.78, 81.3, 39, 933.76, 24.4, '2017-06-14 20:32:00', '2017-06-14 20:32:00'),
(1500, '2017-06-14 20:47:00', 683.78, 81.3, 39, 933.71, 24.4, '2017-06-14 20:47:00', '2017-06-14 20:47:00'),
(1501, '2017-06-14 21:02:00', 682.53, 81.3, 39, 933.92, 24.4, '2017-06-14 21:02:00', '2017-06-14 21:02:00'),
(1502, '2017-06-14 21:17:00', 682.71, 80.9, 39, 933.91, 24.4, '2017-06-14 21:17:00', '2017-06-14 21:17:00'),
(1503, '2017-06-14 21:32:00', 681.11, 80.3, 39, 934.09, 24.5, '2017-06-14 21:32:00', '2017-06-14 21:32:00'),
(1504, '2017-06-14 21:47:00', 681.11, 80.9, 39, 934.1, 24.4, '2017-06-14 21:47:00', '2017-06-14 21:47:00'),
(1505, '2017-06-14 22:02:00', 680.31, 80.4, 39, 934.19, 24.4, '2017-06-14 22:02:00', '2017-06-14 22:02:00'),
(1506, '2017-06-14 22:17:00', 679.51, 80.8, 39, 934.2, 24.3, '2017-06-14 22:17:00', '2017-06-14 22:17:00'),
(1507, '2017-06-14 22:32:00', 678.71, 80.7, 39, 934.29, 24.3, '2017-06-14 22:32:00', '2017-06-14 22:32:00'),
(1508, '2017-06-14 22:47:00', 678.44, 80.3, 39, 934.35, 24.3, '2017-06-14 22:47:00', '2017-06-14 22:47:00'),
(1509, '2017-06-14 23:02:00', 678.08, 80.3, 39, 934.36, 24.3, '2017-06-14 23:02:00', '2017-06-14 23:02:00'),
(1510, '2017-06-14 23:17:00', 678.79, 80.8, 38, 934.37, 24.5, '2017-06-14 23:17:00', '2017-06-14 23:17:00'),
(1511, '2017-06-14 23:32:00', 679.24, 80.4, 38, 934.25, 24.4, '2017-06-14 23:32:00', '2017-06-14 23:32:00'),
(1512, '2017-06-14 23:47:00', 679.77, 79.9, 38, 934.12, 24.2, '2017-06-14 23:47:00', '2017-06-14 23:47:00'),
(1513, '2017-06-15 00:02:00', 680.66, 79, 38, 934.15, 24.1, '2017-06-15 00:02:00', '2017-06-15 00:02:00'),
(1514, '2017-06-15 00:17:00', 680.4, 77.7, 38, 934.14, 24.1, '2017-06-15 00:17:00', '2017-06-15 00:17:00'),
(1515, '2017-06-15 00:32:00', 679.77, 78.5, 38, 934.22, 24, '2017-06-15 00:32:00', '2017-06-15 00:32:00'),
(1516, '2017-06-15 00:47:00', 680.04, 78.7, 38, 934.15, 24, '2017-06-15 00:47:00', '2017-06-15 00:47:00'),
(1517, '2017-06-15 01:02:00', 681.02, 78.7, 38, 934.03, 24, '2017-06-15 01:02:00', '2017-06-15 01:02:00'),
(1518, '2017-06-15 01:17:00', 680.93, 78.5, 38, 934.07, 23.9, '2017-06-15 01:17:00', '2017-06-15 01:17:00'),
(1519, '2017-06-15 01:32:00', 682.26, 78.4, 38, 933.94, 23.9, '2017-06-15 01:32:00', '2017-06-15 01:32:00'),
(1520, '2017-06-15 01:47:00', 682.8, 78.4, 38, 933.85, 23.9, '2017-06-15 01:47:00', '2017-06-15 01:47:00'),
(1521, '2017-06-15 02:02:00', 683.06, 78.4, 37, 933.82, 23.8, '2017-06-15 02:02:00', '2017-06-15 02:02:00'),
(1522, '2017-06-15 02:17:00', 683.95, 78.1, 37, 933.75, 23.8, '2017-06-15 02:17:00', '2017-06-15 02:17:00'),
(1523, '2017-06-15 02:32:00', 684.49, 78.1, 37, 933.69, 23.8, '2017-06-15 02:32:00', '2017-06-15 02:32:00'),
(1524, '2017-06-15 02:47:00', 685.2, 77.9, 37, 933.58, 23.7, '2017-06-15 02:47:00', '2017-06-15 02:47:00'),
(1525, '2017-06-15 03:02:00', 686.44, 77.5, 37, 933.46, 23.7, '2017-06-15 03:02:00', '2017-06-15 03:02:00'),
(1526, '2017-06-15 03:17:00', 687.42, 77.2, 36, 933.34, 23.7, '2017-06-15 03:17:00', '2017-06-15 03:17:00'),
(1527, '2017-06-15 03:32:00', 688.85, 76.7, 36, 933.27, 23.7, '2017-06-15 03:32:00', '2017-06-15 03:32:00'),
(1528, '2017-06-15 03:47:00', 688.85, 76.6, 36, 933.18, 23.6, '2017-06-15 03:47:00', '2017-06-15 03:47:00'),
(1529, '2017-06-15 04:02:00', 688.49, 76.7, 36, 933.27, 23.6, '2017-06-15 04:02:00', '2017-06-15 04:02:00'),
(1530, '2017-06-15 04:17:00', 686.89, 76.3, 36, 933.46, 23.6, '2017-06-15 04:17:00', '2017-06-15 04:17:00'),
(1531, '2017-06-15 04:33:00', 685.55, 75.8, 36, 933.51, 23.5, '2017-06-15 04:33:00', '2017-06-15 04:33:00'),
(1532, '2017-06-15 04:48:00', 685.64, 76.1, 36, 933.59, 23.5, '2017-06-15 04:48:00', '2017-06-15 04:48:00'),
(1533, '2017-06-15 05:03:00', 684.49, 75.8, 36, 933.61, 23.4, '2017-06-15 05:03:00', '2017-06-15 05:03:00'),
(1534, '2017-06-15 05:18:00', 684.75, 74.8, 36, 933.66, 23.4, '2017-06-15 05:18:00', '2017-06-15 05:18:00'),
(1535, '2017-06-15 05:33:00', 685.2, 75, 36, 933.64, 23.3, '2017-06-15 05:33:00', '2017-06-15 05:33:00'),
(1536, '2017-06-15 05:48:00', 686.09, 75.1, 35, 933.58, 23.3, '2017-06-15 05:48:00', '2017-06-15 05:48:00'),
(1537, '2017-06-15 06:03:00', 683.95, 74.8, 35, 933.76, 23.2, '2017-06-15 06:03:00', '2017-06-15 06:03:00'),
(1538, '2017-06-15 06:18:00', 682.44, 74.8, 35, 933.9, 23.2, '2017-06-15 06:18:00', '2017-06-15 06:18:00'),
(1539, '2017-06-15 06:33:00', 681.73, 74.1, 35, 934.02, 23.2, '2017-06-15 06:33:00', '2017-06-15 06:33:00'),
(1540, '2017-06-15 06:48:00', 679.6, 74.2, 36, 934.28, 23.2, '2017-06-15 06:48:00', '2017-06-15 06:48:00'),
(1541, '2017-06-15 07:03:00', 678.62, 74.4, 35, 934.35, 23.1, '2017-06-15 07:03:00', '2017-06-15 07:03:00'),
(1542, '2017-06-15 07:18:00', 677.37, 74.4, 35, 934.49, 23.1, '2017-06-15 07:18:00', '2017-06-15 07:18:00'),
(1543, '2017-06-15 07:33:00', 675.77, 74.1, 35, 934.67, 23.1, '2017-06-15 07:33:00', '2017-06-15 07:33:00'),
(1544, '2017-06-15 07:48:00', 675.68, 73.5, 35, 934.64, 23.1, '2017-06-15 07:48:00', '2017-06-15 07:48:00'),
(1545, '2017-06-15 08:03:00', 674.44, 73.5, 35, 934.81, 23.1, '2017-06-15 08:03:00', '2017-06-15 08:03:00'),
(1546, '2017-06-15 16:54:00', 695.43, 67.6, 25, 932.45, 24, '2017-06-15 16:54:00', '2017-06-15 16:54:00'),
(1547, '2017-06-15 17:09:00', 694.54, 67.1, 25, 932.55, 24.1, '2017-06-15 17:09:00', '2017-06-15 17:09:00'),
(1548, '2017-06-15 17:24:00', 693.21, 66.7, 25, 932.65, 24.1, '2017-06-15 17:24:00', '2017-06-15 17:24:00'),
(1549, '2017-06-15 17:39:00', 691.87, 65.2, 24, 932.83, 24.2, '2017-06-15 17:39:00', '2017-06-15 17:39:00'),
(1550, '2017-06-15 17:54:00', 690.63, 64, 24, 932.95, 24.3, '2017-06-15 17:54:00', '2017-06-15 17:54:00'),
(1551, '2017-06-15 18:09:00', 690, 64.9, 24, 933.05, 24.6, '2017-06-15 18:09:00', '2017-06-15 18:09:00'),
(1552, '2017-06-15 18:24:00', 689.2, 62.5, 23, 933.17, 24.5, '2017-06-15 18:24:00', '2017-06-15 18:24:00'),
(1553, '2017-06-15 18:39:00', 688.85, 60.1, 23, 933.2, 24.5, '2017-06-15 18:39:00', '2017-06-15 18:39:00'),
(1554, '2017-06-15 18:54:00', 687.42, 57.8, 23, 933.33, 24.4, '2017-06-15 18:54:00', '2017-06-15 18:54:00'),
(1555, '2017-06-15 19:09:00', 686.18, 58.9, 23, 933.53, 24.4, '2017-06-15 19:09:00', '2017-06-15 19:09:00'),
(1556, '2017-06-15 19:24:00', 684.75, 58.3, 23, 933.62, 24.2, '2017-06-15 19:24:00', '2017-06-15 19:24:00'),
(1557, '2017-06-15 19:39:00', 684.49, 61.6, 22, 933.69, 24, '2017-06-15 19:39:00', '2017-06-15 19:39:00'),
(1558, '2017-06-15 19:54:00', 684.4, 62.3, 22, 933.71, 24.1, '2017-06-15 19:54:00', '2017-06-15 19:54:00'),
(1559, '2017-06-15 20:09:00', 683.33, 65.4, 22, 933.83, 24.1, '2017-06-15 20:09:00', '2017-06-15 20:09:00'),
(1560, '2017-06-15 20:24:00', 683.06, 65.3, 22, 933.84, 24.1, '2017-06-15 20:24:00', '2017-06-15 20:24:00'),
(1561, '2017-06-15 20:39:00', 683.86, 66.9, 22, 933.83, 24, '2017-06-15 20:39:00', '2017-06-15 20:39:00'),
(1562, '2017-06-15 20:54:00', 684.75, 67.1, 21, 933.67, 24, '2017-06-15 20:54:00', '2017-06-15 20:54:00'),
(1563, '2017-06-15 21:09:00', 683.42, 67.6, 21, 933.76, 23.9, '2017-06-15 21:09:00', '2017-06-15 21:09:00'),
(1564, '2017-06-15 21:24:00', 684.31, 67, 21, 933.65, 24, '2017-06-15 21:24:00', '2017-06-15 21:24:00'),
(1565, '2017-06-15 21:39:00', 683.33, 68.9, 21, 933.83, 24.1, '2017-06-15 21:39:00', '2017-06-15 21:39:00'),
(1566, '2017-06-15 21:54:00', 683.6, 69.5, 21, 933.88, 24.1, '2017-06-15 21:54:00', '2017-06-15 21:54:00'),
(1567, '2017-06-15 22:09:00', 682.62, 69.5, 20, 933.91, 24.1, '2017-06-15 22:09:00', '2017-06-15 22:09:00'),
(1568, '2017-06-15 22:24:00', 682.8, 69.8, 20, 933.9, 24, '2017-06-15 22:24:00', '2017-06-15 22:24:00'),
(1569, '2017-06-15 22:39:00', 682.26, 66.7, 20, 933.99, 23.9, '2017-06-15 22:39:00', '2017-06-15 22:39:00'),
(1570, '2017-06-15 22:54:00', 682.26, 67.8, 20, 933.98, 23.8, '2017-06-15 22:54:00', '2017-06-15 22:54:00'),
(1571, '2017-06-15 23:09:00', 682.62, 67, 20, 933.87, 23.7, '2017-06-15 23:09:00', '2017-06-15 23:09:00'),
(1572, '2017-06-15 23:24:00', 682.71, 66.3, 20, 933.92, 23.6, '2017-06-15 23:24:00', '2017-06-15 23:24:00'),
(1573, '2017-06-15 23:39:00', 681.46, 63.8, 19, 933.98, 23.8, '2017-06-15 23:39:00', '2017-06-15 23:39:00'),
(1574, '2017-06-15 23:54:00', 682, 67.3, 19, 933.95, 23.9, '2017-06-15 23:54:00', '2017-06-15 23:54:00'),
(1575, '2017-06-16 00:09:00', 682.26, 67.1, 19, 933.86, 23.9, '2017-06-16 00:09:00', '2017-06-16 00:09:00'),
(1576, '2017-06-16 00:24:00', 683.24, 67.3, 19, 933.81, 23.9, '2017-06-16 00:24:00', '2017-06-16 00:24:00'),
(1577, '2017-06-16 00:39:00', 682.89, 67.5, 19, 933.9, 23.8, '2017-06-16 00:39:00', '2017-06-16 00:39:00'),
(1578, '2017-06-16 00:54:00', 683.86, 67.8, 19, 933.8, 23.7, '2017-06-16 00:54:00', '2017-06-16 00:54:00'),
(1579, '2017-06-16 01:09:00', 684.31, 67.5, 18, 933.67, 23.6, '2017-06-16 01:09:00', '2017-06-16 01:09:00'),
(1580, '2017-06-16 01:24:00', 685.2, 67.9, 18, 933.69, 23.6, '2017-06-16 01:24:00', '2017-06-16 01:24:00'),
(1581, '2017-06-16 01:39:00', 685.64, 68.2, 17, 933.55, 23.6, '2017-06-16 01:39:00', '2017-06-16 01:39:00'),
(1582, '2017-06-16 01:54:00', 686, 68.1, 17, 933.55, 23.6, '2017-06-16 01:54:00', '2017-06-16 01:54:00'),
(1583, '2017-06-16 02:09:00', 686.89, 68, 17, 933.48, 23.5, '2017-06-16 02:09:00', '2017-06-16 02:09:00'),
(1584, '2017-06-16 02:24:00', 687.69, 68, 16, 933.44, 23.5, '2017-06-16 02:24:00', '2017-06-16 02:24:00'),
(1585, '2017-06-16 02:39:00', 687.87, 68.1, 16, 933.31, 23.5, '2017-06-16 02:39:00', '2017-06-16 02:39:00'),
(1586, '2017-06-16 02:54:00', 689.29, 67.7, 16, 933.15, 23.4, '2017-06-16 02:54:00', '2017-06-16 02:54:00'),
(1587, '2017-06-16 03:09:00', 689.83, 66.7, 16, 933.09, 23.4, '2017-06-16 03:09:00', '2017-06-16 03:09:00'),
(1588, '2017-06-16 03:24:00', 691.07, 67.7, 16, 933.01, 23.4, '2017-06-16 03:24:00', '2017-06-16 03:24:00'),
(1589, '2017-06-16 03:39:00', 691.16, 67.4, 16, 932.92, 23.3, '2017-06-16 03:39:00', '2017-06-16 03:39:00'),
(1590, '2017-06-16 03:55:00', 690.72, 67.7, 16, 932.93, 23.3, '2017-06-16 03:55:00', '2017-06-16 03:55:00'),
(1591, '2017-06-16 04:10:00', 690.54, 67.3, 16, 933.11, 23.3, '2017-06-16 04:10:00', '2017-06-16 04:10:00'),
(1592, '2017-06-16 04:25:00', 691.16, 67.3, 16, 932.93, 23.3, '2017-06-16 04:25:00', '2017-06-16 04:25:00'),
(1593, '2017-06-16 04:40:00', 691.52, 67.5, 16, 932.91, 23.2, '2017-06-16 04:40:00', '2017-06-16 04:40:00'),
(1594, '2017-06-16 04:55:00', 690.72, 67.5, 15, 932.93, 23.2, '2017-06-16 04:55:00', '2017-06-16 04:55:00'),
(1595, '2017-06-16 05:10:00', 691.16, 67.6, 15, 932.94, 23.1, '2017-06-16 05:10:00', '2017-06-16 05:10:00'),
(1596, '2017-06-16 05:25:00', 690.09, 67.8, 16, 933.08, 23.1, '2017-06-16 05:25:00', '2017-06-16 05:25:00'),
(1597, '2017-06-16 05:40:00', 688.31, 68, 16, 933.23, 23.1, '2017-06-16 05:40:00', '2017-06-16 05:40:00'),
(1598, '2017-06-16 05:55:00', 686.71, 68.1, 16, 933.41, 23, '2017-06-16 05:55:00', '2017-06-16 05:55:00'),
(1599, '2017-06-16 06:10:00', 687.24, 67.8, 16, 933.38, 23, '2017-06-16 06:10:00', '2017-06-16 06:10:00'),
(1600, '2017-06-16 06:25:00', 685.38, 67.5, 16, 933.59, 23, '2017-06-16 06:25:00', '2017-06-16 06:25:00'),
(1601, '2017-06-16 06:40:00', 684.58, 68, 16, 933.72, 23.2, '2017-06-16 06:40:00', '2017-06-16 06:40:00'),
(1602, '2017-06-16 06:55:00', 682.08, 67.6, 15, 933.98, 23.2, '2017-06-16 06:55:00', '2017-06-16 06:55:00'),
(1603, '2017-06-16 07:10:00', 681.37, 68.1, 15, 934.11, 23.1, '2017-06-16 07:10:00', '2017-06-16 07:10:00'),
(1604, '2017-06-16 07:25:00', 680.31, 67.5, 15, 934.17, 23, '2017-06-16 07:25:00', '2017-06-16 07:25:00'),
(1605, '2017-06-16 07:40:00', 678.08, 67.4, 15, 934.38, 23, '2017-06-16 07:40:00', '2017-06-16 07:40:00'),
(1606, '2017-06-16 07:55:00', 677.46, 67.4, 15, 934.54, 22.9, '2017-06-16 07:55:00', '2017-06-16 07:55:00'),
(1607, '2017-06-16 08:10:00', 675.33, 67.7, 14, 934.67, 22.9, '2017-06-16 08:10:00', '2017-06-16 08:10:00'),
(1608, '2017-06-16 08:25:00', 674.17, 68, 15, 934.85, 22.8, '2017-06-16 08:25:00', '2017-06-16 08:25:00'),
(1609, '2017-06-16 08:40:00', 673.02, 66.5, 14, 934.92, 22.9, '2017-06-16 08:40:00', '2017-06-16 08:40:00'),
(1610, '2017-06-16 08:55:00', 673.64, 67.9, 14, 934.91, 22.9, '2017-06-16 08:55:00', '2017-06-16 08:55:00'),
(1611, '2017-06-16 09:10:00', 672.22, 68.8, 14, 935.13, 22.8, '2017-06-16 09:10:00', '2017-06-16 09:10:00'),
(1612, '2017-06-16 09:25:00', 671.33, 69.1, 14, 935.1, 22.9, '2017-06-16 09:25:00', '2017-06-16 09:25:00'),
(1613, '2017-06-16 09:40:00', 672.49, 69.2, 14, 935.05, 22.9, '2017-06-16 09:40:00', '2017-06-16 09:40:00'),
(1614, '2017-06-16 09:55:00', 672.66, 69.3, 14, 935.02, 22.9, '2017-06-16 09:55:00', '2017-06-16 09:55:00'),
(1615, '2017-06-16 10:10:00', 674.44, 69.4, 14, 934.79, 22.9, '2017-06-16 10:10:00', '2017-06-16 10:10:00'),
(1616, '2017-06-16 10:25:00', 675.33, 69.4, 14, 934.75, 22.9, '2017-06-16 10:25:00', '2017-06-16 10:25:00'),
(1617, '2017-06-16 10:40:00', 677.02, 69.4, 13, 934.56, 23, '2017-06-16 10:40:00', '2017-06-16 10:40:00'),
(1618, '2017-06-16 10:55:00', 678.17, 69.9, 13, 934.43, 22.9, '2017-06-16 10:55:00', '2017-06-16 10:55:00'),
(1619, '2017-06-16 11:10:00', 679.24, 70, 13, 934.29, 23, '2017-06-16 11:10:00', '2017-06-16 11:10:00'),
(1620, '2017-06-16 11:25:00', 680.66, 70.1, 13, 934.14, 23.1, '2017-06-16 11:25:00', '2017-06-16 11:25:00'),
(1621, '2017-06-16 11:40:00', 681.91, 69.8, 12, 933.99, 23.1, '2017-06-16 11:40:00', '2017-06-16 11:40:00'),
(1622, '2017-06-16 11:55:00', 682.62, 69.7, 12, 933.9, 23.2, '2017-06-16 11:55:00', '2017-06-16 11:55:00'),
(1623, '2017-06-16 12:10:00', 683.86, 69.8, 12, 933.84, 23.3, '2017-06-16 12:10:00', '2017-06-16 12:10:00'),
(1624, '2017-06-16 12:25:00', 685.2, 69.4, 12, 933.63, 23.3, '2017-06-16 12:25:00', '2017-06-16 12:25:00'),
(1625, '2017-06-16 12:40:00', 688.05, 69.4, 12, 933.29, 23.4, '2017-06-16 12:40:00', '2017-06-16 12:40:00'),
(1626, '2017-06-16 12:55:00', 689.38, 69.3, 12, 933.14, 23.5, '2017-06-16 12:55:00', '2017-06-16 12:55:00'),
(1627, '2017-06-16 13:10:00', 692.14, 69.4, 11, 932.85, 23.5, '2017-06-16 13:10:00', '2017-06-16 13:10:00'),
(1628, '2017-06-16 13:25:00', 693.21, 68.6, 11, 932.71, 23.6, '2017-06-16 13:25:00', '2017-06-16 13:25:00'),
(1629, '2017-06-16 13:40:00', 695.52, 66.3, 11, 932.45, 23.6, '2017-06-16 13:40:00', '2017-06-16 13:40:00'),
(1630, '2017-06-16 13:55:00', 695.88, 66.2, 11, 932.35, 23.7, '2017-06-16 13:55:00', '2017-06-16 13:55:00'),
(1631, '2017-06-16 14:10:00', 697.21, 66.1, 11, 932.2, 23.7, '2017-06-16 14:10:00', '2017-06-16 14:10:00'),
(1632, '2017-06-16 14:25:00', 699.17, 66.7, 10, 932.04, 23.7, '2017-06-16 14:25:00', '2017-06-16 14:25:00'),
(1633, '2017-06-16 14:40:00', 700.87, 65.6, 10, 931.88, 24, '2017-06-16 14:40:00', '2017-06-16 14:40:00'),
(1634, '2017-06-16 14:55:00', 701.67, 64.3, 10, 931.8, 24.3, '2017-06-16 14:55:00', '2017-06-16 14:55:00'),
(1635, '2017-06-16 15:10:00', 700.78, 61.6, 10, 931.83, 24.4, '2017-06-16 15:10:00', '2017-06-16 15:10:00'),
(1636, '2017-06-16 15:25:00', 701.76, 60, 10, 931.72, 24.3, '2017-06-16 15:25:00', '2017-06-16 15:25:00'),
(1637, '2017-06-16 15:40:00', 700.78, 61, 9, 931.8, 24.1, '2017-06-16 15:40:00', '2017-06-16 15:40:00'),
(1638, '2017-06-16 15:55:00', 701.85, 59.9, 9, 931.76, 23.9, '2017-06-16 15:55:00', '2017-06-16 15:55:00'),
(1639, '2017-06-16 16:10:00', 701.67, 63.5, 9, 931.81, 23.8, '2017-06-16 16:10:00', '2017-06-16 16:10:00'),
(1640, '2017-06-16 16:25:00', 701.4, 64.3, 9, 931.81, 23.8, '2017-06-16 16:25:00', '2017-06-16 16:25:00'),
(1641, '2017-06-16 16:40:00', 701.49, 66.3, 9, 931.74, 23.9, '2017-06-16 16:40:00', '2017-06-16 16:40:00'),
(1642, '2017-06-16 16:55:00', 701.49, 66.2, 8, 931.8, 23.9, '2017-06-16 16:55:00', '2017-06-16 16:55:00'),
(1643, '2017-06-16 17:10:00', 702.65, 64.6, 8, 931.63, 24.1, '2017-06-16 17:10:00', '2017-06-16 17:10:00'),
(1644, '2017-06-16 17:25:00', 702.83, 64.6, 8, 931.66, 24.1, '2017-06-16 17:25:00', '2017-06-16 17:25:00'),
(1645, '2017-06-16 17:40:00', 702.47, 64.9, 8, 931.64, 24, '2017-06-16 17:40:00', '2017-06-16 17:40:00'),
(1646, '2017-06-16 17:55:00', 701.85, 67, 8, 931.78, 24.1, '2017-06-16 17:55:00', '2017-06-16 17:55:00'),
(1647, '2017-06-16 18:10:00', 700.87, 66.8, 7, 931.81, 24.1, '2017-06-16 18:10:00', '2017-06-16 18:10:00'),
(1648, '2017-06-16 18:25:00', 700.42, 66.9, 7, 931.82, 24, '2017-06-16 18:25:00', '2017-06-16 18:25:00'),
(1649, '2017-06-16 18:40:00', 700.51, 67.7, 8, 931.85, 23.9, '2017-06-16 18:40:00', '2017-06-16 18:40:00'),
(1650, '2017-06-16 18:55:00', 699.17, 67.8, 6, 932.01, 24, '2017-06-16 18:55:00', '2017-06-16 18:55:00'),
(1651, '2017-06-16 19:10:00', 698.28, 71, 7, 932.14, 24.1, '2017-06-16 19:10:00', '2017-06-16 19:10:00'),
(1652, '2017-06-16 19:25:00', 697.39, 71.6, 7, 932.27, 24, '2017-06-16 19:25:00', '2017-06-16 19:25:00'),
(1653, '2017-06-16 19:40:00', 697.04, 71.4, 7, 932.29, 24.1, '2017-06-16 19:40:00', '2017-06-16 19:40:00'),
(1654, '2017-06-16 19:55:00', 696.77, 71, 6, 932.37, 23.9, '2017-06-16 19:55:00', '2017-06-16 19:55:00'),
(1655, '2017-06-16 20:10:00', 697.21, 67.9, 6, 932.32, 23.9, '2017-06-16 20:10:00', '2017-06-16 20:10:00'),
(1656, '2017-06-16 20:25:00', 696.5, 59.6, 6, 932.38, 23.8, '2017-06-16 20:25:00', '2017-06-16 20:25:00'),
(1657, '2017-06-16 20:40:00', 695.7, 61, 6, 932.41, 23.7, '2017-06-16 20:40:00', '2017-06-16 20:40:00'),
(1658, '2017-06-16 20:55:00', 695.52, 58, 6, 932.45, 23.6, '2017-06-16 20:55:00', '2017-06-16 20:55:00'),
(1659, '2017-06-16 21:10:00', 695.52, 58.6, 5, 932.5, 23.6, '2017-06-16 21:10:00', '2017-06-16 21:10:00'),
(1660, '2017-06-16 21:25:00', 694.72, 59.7, 5, 932.53, 23.6, '2017-06-16 21:25:00', '2017-06-16 21:25:00'),
(1661, '2017-06-16 21:40:00', 693.83, 64.1, 6, 932.64, 23.6, '2017-06-16 21:40:00', '2017-06-16 21:40:00'),
(1662, '2017-06-16 21:55:00', 694.54, 63.2, 5, 932.56, 23.6, '2017-06-16 21:55:00', '2017-06-16 21:55:00'),
(1663, '2017-06-16 22:10:00', 695.43, 63.5, 5, 932.43, 23.6, '2017-06-16 22:10:00', '2017-06-16 22:10:00'),
(1664, '2017-06-16 22:25:00', 696.15, 62.4, 5, 932.41, 23.5, '2017-06-16 22:25:00', '2017-06-16 22:25:00'),
(1665, '2017-06-16 22:41:00', 696.41, 63.2, 5, 932.41, 23.5, '2017-06-16 22:41:00', '2017-06-16 22:41:00'),
(1666, '2017-06-16 22:56:00', 697.93, 63.6, 5, 932.18, 23.4, '2017-06-16 22:56:00', '2017-06-16 22:56:00'),
(1667, '2017-06-16 23:11:00', 698.73, 62.5, 6, 932.09, 23.4, '2017-06-16 23:11:00', '2017-06-16 23:11:00'),
(1668, '2017-06-16 23:26:00', 699.26, 62.9, 6, 932.05, 23.5, '2017-06-16 23:26:00', '2017-06-16 23:26:00'),
(1669, '2017-06-16 23:41:00', 699.89, 64.1, 5, 932.01, 23.6, '2017-06-16 23:41:00', '2017-06-16 23:41:00'),
(1670, '2017-06-16 23:56:00', 699.44, 61, 6, 932.01, 23.6, '2017-06-16 23:56:00', '2017-06-16 23:56:00'),
(1671, '2017-06-17 00:11:00', 699.44, 63, 6, 932.01, 23.6, '2017-06-17 00:11:00', '2017-06-17 00:11:00'),
(1672, '2017-06-17 00:26:00', 699.62, 63.2, 6, 931.99, 23.6, '2017-06-17 00:26:00', '2017-06-17 00:26:00'),
(1673, '2017-06-17 00:41:00', 699.89, 63.9, 6, 931.91, 23.7, '2017-06-17 00:41:00', '2017-06-17 00:41:00'),
(1674, '2017-06-17 00:56:00', 699.62, 64.2, 5, 931.96, 23.6, '2017-06-17 00:56:00', '2017-06-17 00:56:00'),
(1675, '2017-06-17 01:11:00', 698.91, 64.2, 6, 932.1, 23.6, '2017-06-17 01:11:00', '2017-06-17 01:11:00'),
(1676, '2017-06-17 01:26:00', 697.84, 64.1, 5, 932.17, 23.6, '2017-06-17 01:26:00', '2017-06-17 01:26:00'),
(1677, '2017-06-17 01:41:00', 697.3, 64.4, 5, 932.25, 23.5, '2017-06-17 01:41:00', '2017-06-17 01:41:00'),
(1678, '2017-06-17 01:56:00', 698.37, 64.5, 5, 932.15, 23.5, '2017-06-17 01:56:00', '2017-06-17 01:56:00'),
(1679, '2017-06-17 02:11:00', 699.8, 63.8, 5, 931.97, 23.5, '2017-06-17 02:11:00', '2017-06-17 02:11:00'),
(1680, '2017-06-17 02:26:00', 699.71, 64.1, 5, 932.01, 23.4, '2017-06-17 02:26:00', '2017-06-17 02:26:00'),
(1681, '2017-06-17 02:41:00', 700.07, 64, 5, 931.92, 23.4, '2017-06-17 02:41:00', '2017-06-17 02:41:00'),
(1682, '2017-06-17 02:56:00', 701.31, 63.7, 5, 931.78, 23.4, '2017-06-17 02:56:00', '2017-06-17 02:56:00'),
(1683, '2017-06-17 03:11:00', 701.58, 63.5, 5, 931.77, 23.4, '2017-06-17 03:11:00', '2017-06-17 03:11:00'),
(1684, '2017-06-17 03:26:00', 702.47, 63.4, 4, 931.7, 23.3, '2017-06-17 03:26:00', '2017-06-17 03:26:00'),
(1685, '2017-06-17 03:41:00', 702.65, 63.4, 4, 931.7, 23.3, '2017-06-17 03:41:00', '2017-06-17 03:41:00'),
(1686, '2017-06-17 03:56:00', 702.12, 63.2, 4, 931.77, 23.3, '2017-06-17 03:56:00', '2017-06-17 03:56:00'),
(1687, '2017-06-17 04:11:00', 701.94, 63.2, 4, 931.73, 23.2, '2017-06-17 04:11:00', '2017-06-17 04:11:00'),
(1688, '2017-06-17 04:26:00', 701.31, 63.2, 4, 931.75, 23.2, '2017-06-17 04:26:00', '2017-06-17 04:26:00'),
(1689, '2017-06-17 04:41:00', 704.43, 62.7, 4, 931.44, 23.1, '2017-06-17 04:41:00', '2017-06-17 04:41:00'),
(1690, '2017-06-17 04:56:00', 704.7, 62.3, 4, 931.44, 23.1, '2017-06-17 04:56:00', '2017-06-17 04:56:00'),
(1691, '2017-06-17 05:11:00', 705.41, 62.4, 4, 931.39, 23.1, '2017-06-17 05:11:00', '2017-06-17 05:11:00'),
(1692, '2017-06-17 05:26:00', 705.5, 62.2, 4, 931.33, 23, '2017-06-17 05:26:00', '2017-06-17 05:26:00'),
(1693, '2017-06-17 05:41:00', 705.86, 62, 4, 931.25, 23, '2017-06-17 05:41:00', '2017-06-17 05:41:00'),
(1694, '2017-06-17 05:56:00', 704.43, 62.1, 4, 931.45, 22.9, '2017-06-17 05:56:00', '2017-06-17 05:56:00'),
(1695, '2017-06-17 06:11:00', 703.36, 61.7, 4, 931.64, 22.9, '2017-06-17 06:11:00', '2017-06-17 06:11:00'),
(1696, '2017-06-17 06:26:00', 701.67, 61.7, 4, 931.79, 22.9, '2017-06-17 06:26:00', '2017-06-17 06:26:00'),
(1697, '2017-06-17 06:41:00', 700.87, 61.6, 3, 931.81, 22.9, '2017-06-17 06:41:00', '2017-06-17 06:41:00'),
(1698, '2017-06-17 06:56:00', 699.26, 61.3, 3, 932.02, 22.8, '2017-06-17 06:56:00', '2017-06-17 06:56:00'),
(1699, '2017-06-17 07:11:00', 697.75, 61.8, 3, 932.23, 22.8, '2017-06-17 07:11:00', '2017-06-17 07:11:00'),
(1700, '2017-06-17 07:26:00', 696.95, 61.4, 4, 932.32, 22.8, '2017-06-17 07:26:00', '2017-06-17 07:26:00'),
(1701, '2017-06-17 07:41:00', 694.63, 61.4, 3, 932.58, 22.8, '2017-06-17 07:41:00', '2017-06-17 07:41:00'),
(1702, '2017-06-17 07:56:00', 694.99, 61.8, 3, 932.56, 22.8, '2017-06-17 07:56:00', '2017-06-17 07:56:00'),
(1703, '2017-06-17 08:11:00', 692.5, 61.4, 3, 932.79, 22.7, '2017-06-17 08:11:00', '2017-06-17 08:11:00'),
(1704, '2017-06-17 08:26:00', 691.16, 61.9, 3, 932.92, 22.8, '2017-06-17 08:26:00', '2017-06-17 08:26:00'),
(1705, '2017-06-17 08:41:00', 689.91, 61.8, 3, 933.06, 22.7, '2017-06-17 08:41:00', '2017-06-17 08:41:00'),
(1706, '2017-06-17 08:56:00', 688.85, 62.4, 3, 933.18, 22.8, '2017-06-17 08:56:00', '2017-06-17 08:56:00'),
(1707, '2017-06-17 09:11:00', 689.03, 62.8, 3, 933.2, 22.8, '2017-06-17 09:11:00', '2017-06-17 09:11:00'),
(1708, '2017-06-17 09:26:00', 689.38, 63.2, 3, 933.16, 22.8, '2017-06-17 09:26:00', '2017-06-17 09:26:00'),
(1709, '2017-06-17 09:41:00', 688.85, 63.6, 3, 933.15, 22.8, '2017-06-17 09:41:00', '2017-06-17 09:41:00'),
(1710, '2017-06-17 09:56:00', 688.76, 63.7, 3, 933.28, 22.9, '2017-06-17 09:56:00', '2017-06-17 09:56:00'),
(1711, '2017-06-17 10:11:00', 688.85, 63.6, 3, 933.17, 23, '2017-06-17 10:11:00', '2017-06-17 10:11:00'),
(1712, '2017-06-17 10:26:00', 689.91, 64.2, 3, 933.04, 23, '2017-06-17 10:26:00', '2017-06-17 10:26:00'),
(1713, '2017-06-17 10:41:00', 691.07, 64.4, 3, 932.94, 23, '2017-06-17 10:41:00', '2017-06-17 10:41:00'),
(1714, '2017-06-17 10:56:00', 692.32, 65, 3, 932.78, 23, '2017-06-17 10:56:00', '2017-06-17 10:56:00'),
(1715, '2017-06-17 11:11:00', 694.37, 65.3, 3, 932.59, 23.1, '2017-06-17 11:11:00', '2017-06-17 11:11:00'),
(1716, '2017-06-17 11:26:00', 694.28, 65.9, 3, 932.57, 23.1, '2017-06-17 11:26:00', '2017-06-17 11:26:00'),
(1717, '2017-06-17 11:41:00', 695.7, 66.8, 3, 932.42, 23.2, '2017-06-17 11:41:00', '2017-06-17 11:41:00'),
(1718, '2017-06-17 11:56:00', 698.02, 67.1, 3, 932.14, 23.3, '2017-06-17 11:56:00', '2017-06-17 11:56:00'),
(1719, '2017-06-17 12:11:00', 700.87, 66.8, 3, 931.84, 23.4, '2017-06-17 12:11:00', '2017-06-17 12:11:00'),
(1720, '2017-06-17 12:26:00', 701.49, 65.2, 2, 931.82, 23.5, '2017-06-17 12:26:00', '2017-06-17 12:26:00'),
(1721, '2017-06-17 12:41:00', 703.54, 62.8, 3, 931.59, 23.5, '2017-06-17 12:41:00', '2017-06-17 12:41:00'),
(1722, '2017-06-17 12:56:00', 705.77, 63.1, 2, 931.31, 23.4, '2017-06-17 12:56:00', '2017-06-17 12:56:00'),
(1723, '2017-06-17 13:11:00', 707.11, 62.8, 3, 931.24, 23.5, '2017-06-17 13:11:00', '2017-06-17 13:11:00'),
(1724, '2017-06-17 13:26:00', 708.8, 62.1, 2, 930.96, 23.5, '2017-06-17 13:26:00', '2017-06-17 13:26:00'),
(1725, '2017-06-17 13:41:00', 711.74, 61.8, 2, 930.67, 23.6, '2017-06-17 13:41:00', '2017-06-17 13:41:00'),
(1726, '2017-06-17 13:56:00', 713.79, 63.3, 2, 930.45, 23.6, '2017-06-17 13:56:00', '2017-06-17 13:56:00'),
(1727, '2017-06-17 14:11:00', 714.86, 62.7, 2, 930.31, 23.7, '2017-06-17 14:11:00', '2017-06-17 14:11:00'),
(1728, '2017-06-17 14:26:00', 716.65, 62, 2, 930.15, 23.8, '2017-06-17 14:26:00', '2017-06-17 14:26:00'),
(1729, '2017-06-17 14:41:00', 717.36, 60.7, 2, 930.01, 23.7, '2017-06-17 14:41:00', '2017-06-17 14:41:00'),
(1730, '2017-06-17 14:56:00', 718.17, 60.3, 2, 929.95, 23.8, '2017-06-17 14:56:00', '2017-06-17 14:56:00'),
(1731, '2017-06-17 15:11:00', 718.26, 62.4, 2, 929.9, 23.9, '2017-06-17 15:11:00', '2017-06-17 15:11:00'),
(1732, '2017-06-17 15:26:00', 718.88, 60.7, 2, 929.83, 24, '2017-06-17 15:26:00', '2017-06-17 15:26:00'),
(1733, '2017-06-17 15:41:00', 720.49, 61.2, 2, 929.65, 24, '2017-06-17 15:41:00', '2017-06-17 15:41:00'),
(1734, '2017-06-17 15:56:00', 720.84, 61.4, 2, 929.61, 24, '2017-06-17 15:56:00', '2017-06-17 15:56:00'),
(1735, '2017-06-17 16:11:00', 721.02, 62.2, 2, 929.58, 24, '2017-06-17 16:11:00', '2017-06-17 16:11:00'),
(1736, '2017-06-17 16:26:00', 720.22, 62.6, 2, 929.65, 24, '2017-06-17 16:26:00', '2017-06-17 16:26:00'),
(1737, '2017-06-17 16:41:00', 719.77, 63.5, 2, 929.79, 24, '2017-06-17 16:41:00', '2017-06-17 16:41:00'),
(1738, '2017-06-17 16:56:00', 719.06, 63.5, 2, 929.73, 24, '2017-06-17 16:56:00', '2017-06-17 16:56:00'),
(1739, '2017-06-17 17:11:00', 719.5, 64, 1, 929.77, 24.1, '2017-06-17 17:11:00', '2017-06-17 17:11:00'),
(1740, '2017-06-17 17:26:00', 718.43, 65.7, 1, 929.86, 24.1, '2017-06-17 17:26:00', '2017-06-17 17:26:00'),
(1741, '2017-06-17 17:42:00', 718.79, 65.8, 2, 929.91, 24.2, '2017-06-17 17:42:00', '2017-06-17 17:42:00'),
(1742, '2017-06-17 17:57:00', 718.26, 64.9, 2, 929.92, 24.2, '2017-06-17 17:57:00', '2017-06-17 17:57:00'),
(1743, '2017-06-17 18:12:00', 717.81, 65.9, 2, 929.98, 24.2, '2017-06-17 18:12:00', '2017-06-17 18:12:00'),
(1744, '2017-06-17 18:27:00', 717.27, 63.6, 1, 930.06, 24.3, '2017-06-17 18:27:00', '2017-06-17 18:27:00'),
(1745, '2017-06-17 18:42:00', 716.2, 64.1, 2, 930.16, 24.3, '2017-06-17 18:42:00', '2017-06-17 18:42:00'),
(1746, '2017-06-17 18:57:00', 715.67, 65.3, 1, 930.24, 24.3, '2017-06-17 18:57:00', '2017-06-17 18:57:00'),
(1747, '2017-06-17 19:12:00', 714.15, 66.1, 1, 930.4, 24.4, '2017-06-17 19:12:00', '2017-06-17 19:12:00'),
(1748, '2017-06-17 19:27:00', 712.72, 64.2, 1, 930.55, 24.3, '2017-06-17 19:27:00', '2017-06-17 19:27:00'),
(1749, '2017-06-17 19:42:00', 711.3, 61, 1, 930.65, 24.3, '2017-06-17 19:42:00', '2017-06-17 19:42:00'),
(1750, '2017-06-17 19:57:00', 711.03, 63.2, 1, 930.67, 24.3, '2017-06-17 19:57:00', '2017-06-17 19:57:00'),
(1751, '2017-06-17 20:12:00', 710.49, 62.1, 1, 930.8, 24.2, '2017-06-17 20:12:00', '2017-06-17 20:12:00'),
(1752, '2017-06-17 20:27:00', 711.12, 61.2, 1, 930.72, 24.2, '2017-06-17 20:27:00', '2017-06-17 20:27:00'),
(1753, '2017-06-17 20:42:00', 710.58, 59.6, 1, 930.69, 24, '2017-06-17 20:42:00', '2017-06-17 20:42:00'),
(1754, '2017-06-17 20:57:00', 709.16, 59.7, 1, 930.94, 24.2, '2017-06-17 20:57:00', '2017-06-17 20:57:00'),
(1755, '2017-06-17 21:12:00', 707.82, 64.4, 1, 931.14, 24.2, '2017-06-17 21:12:00', '2017-06-17 21:12:00'),
(1756, '2017-06-17 21:27:00', 708.26, 63.6, 1, 931, 24.1, '2017-06-17 21:27:00', '2017-06-17 21:27:00'),
(1757, '2017-06-17 21:42:00', 708, 64.2, 1, 931.02, 24.1, '2017-06-17 21:42:00', '2017-06-17 21:42:00'),
(1758, '2017-06-17 21:57:00', 708.44, 62.3, 1, 931.02, 24.1, '2017-06-17 21:57:00', '2017-06-17 21:57:00'),
(1759, '2017-06-17 22:12:00', 707.82, 62.1, 1, 931.08, 24, '2017-06-17 22:12:00', '2017-06-17 22:12:00'),
(1760, '2017-06-17 22:27:00', 708.62, 62.8, 1, 931.03, 24.2, '2017-06-17 22:27:00', '2017-06-17 22:27:00'),
(1761, '2017-06-17 22:42:00', 707.73, 66.5, 1, 931.11, 24.2, '2017-06-17 22:42:00', '2017-06-17 22:42:00'),
(1762, '2017-06-17 22:57:00', 707.73, 65.7, 1, 931.08, 24.2, '2017-06-17 22:57:00', '2017-06-17 22:57:00'),
(1763, '2017-06-17 23:12:00', 709.69, 66.7, 1, 930.88, 24.1, '2017-06-17 23:12:00', '2017-06-17 23:12:00'),
(1764, '2017-06-17 23:27:00', 708.53, 67.2, 1, 931.05, 24.1, '2017-06-17 23:27:00', '2017-06-17 23:27:00'),
(1765, '2017-06-17 23:42:00', 709.87, 66.8, 1, 930.81, 24.1, '2017-06-17 23:42:00', '2017-06-17 23:42:00'),
(1766, '2017-06-17 23:57:00', 710.49, 65.8, 1, 930.78, 24, '2017-06-17 23:57:00', '2017-06-17 23:57:00'),
(1767, '2017-06-18 00:12:00', 710.58, 65.7, 1, 930.7, 23.9, '2017-06-18 00:12:00', '2017-06-18 00:12:00'),
(1768, '2017-06-18 00:27:00', 711.3, 64.3, 1, 930.72, 24, '2017-06-18 00:27:00', '2017-06-18 00:27:00'),
(1769, '2017-06-18 00:42:00', 712.28, 64.3, 1, 930.65, 23.9, '2017-06-18 00:42:00', '2017-06-18 00:42:00'),
(1770, '2017-06-18 00:57:00', 713.17, 64, 1, 930.47, 23.9, '2017-06-18 00:57:00', '2017-06-18 00:57:00'),
(1771, '2017-06-18 01:12:00', 712.9, 63.5, 1, 930.52, 23.8, '2017-06-18 01:12:00', '2017-06-18 01:12:00'),
(1772, '2017-06-18 01:27:00', 713.35, 63.1, 1, 930.45, 23.8, '2017-06-18 01:27:00', '2017-06-18 01:27:00'),
(1773, '2017-06-18 01:42:00', 714.06, 63.5, 1, 930.4, 23.8, '2017-06-18 01:42:00', '2017-06-18 01:42:00'),
(1774, '2017-06-18 01:57:00', 713.79, 63.1, 1, 930.41, 23.8, '2017-06-18 01:57:00', '2017-06-18 01:57:00'),
(1775, '2017-06-18 02:12:00', 714.24, 62.8, 1, 930.39, 23.7, '2017-06-18 02:12:00', '2017-06-18 02:12:00'),
(1776, '2017-06-18 02:27:00', 714.6, 62.7, 1, 930.33, 23.7, '2017-06-18 02:27:00', '2017-06-18 02:27:00'),
(1777, '2017-06-18 02:42:00', 714.24, 62.3, 1, 930.35, 23.6, '2017-06-18 02:42:00', '2017-06-18 02:42:00'),
(1778, '2017-06-18 02:57:00', 715.58, 61.9, 1, 930.23, 23.6, '2017-06-18 02:57:00', '2017-06-18 02:57:00'),
(1779, '2017-06-18 03:12:00', 716.11, 61.7, 1, 930.15, 23.6, '2017-06-18 03:12:00', '2017-06-18 03:12:00'),
(1780, '2017-06-18 03:27:00', 716.02, 61.3, 1, 930.2, 23.5, '2017-06-18 03:27:00', '2017-06-18 03:27:00'),
(1781, '2017-06-18 03:42:00', 716.02, 61.6, 1, 930.23, 23.5, '2017-06-18 03:42:00', '2017-06-18 03:42:00'),
(1782, '2017-06-18 03:57:00', 715.58, 61.6, 1, 930.24, 23.5, '2017-06-18 03:57:00', '2017-06-18 03:57:00'),
(1783, '2017-06-18 04:12:00', 714.86, 61, 1, 930.28, 23.4, '2017-06-18 04:12:00', '2017-06-18 04:12:00'),
(1784, '2017-06-18 04:27:00', 714.15, 61.7, 1, 930.36, 23.4, '2017-06-18 04:27:00', '2017-06-18 04:27:00'),
(1785, '2017-06-18 04:42:00', 714.15, 61.2, 0, 930.42, 23.4, '2017-06-18 04:42:00', '2017-06-18 04:42:00'),
(1786, '2017-06-18 04:57:00', 711.92, 61.4, 0, 930.63, 23.4, '2017-06-18 04:57:00', '2017-06-18 04:57:00'),
(1787, '2017-06-18 05:12:00', 710.4, 61.3, 1, 930.85, 23.3, '2017-06-18 05:12:00', '2017-06-18 05:12:00'),
(1788, '2017-06-18 05:27:00', 709.6, 60.7, 1, 930.9, 23.3, '2017-06-18 05:27:00', '2017-06-18 05:27:00'),
(1789, '2017-06-18 05:42:00', 708.62, 61, 1, 931.06, 23.2, '2017-06-18 05:42:00', '2017-06-18 05:42:00'),
(1790, '2017-06-18 05:57:00', 706.84, 60.7, 1, 931.25, 23.2, '2017-06-18 05:57:00', '2017-06-18 05:57:00'),
(1791, '2017-06-18 06:12:00', 705.77, 60.3, 1, 931.26, 23.1, '2017-06-18 06:12:00', '2017-06-18 06:12:00'),
(1792, '2017-06-18 06:27:00', 704.34, 59.8, 0, 931.47, 23.3, '2017-06-18 06:27:00', '2017-06-18 06:27:00'),
(1793, '2017-06-18 06:42:00', 703.27, 60.6, 1, 931.55, 23.2, '2017-06-18 06:42:00', '2017-06-18 06:42:00'),
(1794, '2017-06-18 06:57:00', 701.23, 60.2, 1, 931.8, 23.1, '2017-06-18 06:57:00', '2017-06-18 06:57:00');
INSERT INTO `medicoes` (`id`, `data_hora`, `altura_mar`, `humidade_ar`, `humidade_solo`, `pressao_ar`, `temperatura_ar`, `cadastrado`, `modificado`) VALUES
(1795, '2017-06-18 07:12:00', 700.16, 60, 1, 931.88, 23, '2017-06-18 07:12:00', '2017-06-18 07:12:00'),
(1796, '2017-06-18 07:27:00', 698.28, 60, 1, 932.13, 23, '2017-06-18 07:27:00', '2017-06-18 07:27:00'),
(1797, '2017-06-18 07:42:00', 696.95, 59.6, 1, 932.29, 23, '2017-06-18 07:42:00', '2017-06-18 07:42:00'),
(1798, '2017-06-18 07:57:00', 695.35, 59.5, 1, 932.5, 22.9, '2017-06-18 07:57:00', '2017-06-18 07:57:00'),
(1799, '2017-06-18 08:12:00', 693.21, 59.8, 0, 932.7, 23, '2017-06-18 08:12:00', '2017-06-18 08:12:00'),
(1800, '2017-06-18 08:27:00', 691.07, 59.9, 0, 932.98, 22.9, '2017-06-18 08:27:00', '2017-06-18 08:27:00'),
(1801, '2017-06-18 08:42:00', 688.67, 60.5, 0, 933.26, 22.9, '2017-06-18 08:42:00', '2017-06-18 08:42:00'),
(1802, '2017-06-18 08:57:00', 686.18, 60.7, 0, 933.51, 22.9, '2017-06-18 08:57:00', '2017-06-18 08:57:00'),
(1803, '2017-06-18 09:12:00', 684.67, 60.8, 0, 933.68, 22.9, '2017-06-18 09:12:00', '2017-06-18 09:12:00'),
(1804, '2017-06-18 09:27:00', 684.04, 61, 0, 933.74, 23, '2017-06-18 09:27:00', '2017-06-18 09:27:00'),
(1805, '2017-06-18 09:42:00', 683.86, 61.4, 1, 933.79, 23, '2017-06-18 09:42:00', '2017-06-18 09:42:00'),
(1806, '2017-06-18 09:57:00', 684.4, 61.4, 0, 933.73, 23, '2017-06-18 09:57:00', '2017-06-18 09:57:00'),
(1807, '2017-06-18 10:12:00', 684.58, 62.2, 0, 933.63, 23.1, '2017-06-18 10:12:00', '2017-06-18 10:12:00'),
(1808, '2017-06-18 10:27:00', 685.55, 61.9, 1, 933.52, 23.1, '2017-06-18 10:27:00', '2017-06-18 10:27:00'),
(1809, '2017-06-18 10:42:00', 686.35, 61.4, 0, 933.45, 23.1, '2017-06-18 10:42:00', '2017-06-18 10:42:00'),
(1810, '2017-06-18 10:57:00', 687.42, 61.8, 1, 933.37, 23.2, '2017-06-18 10:57:00', '2017-06-18 10:57:00'),
(1811, '2017-06-18 11:12:00', 690.09, 60.7, 1, 933.11, 23.1, '2017-06-18 11:12:00', '2017-06-18 11:12:00'),
(1812, '2017-06-18 11:27:00', 691.87, 61.2, 1, 932.94, 23.1, '2017-06-18 11:27:00', '2017-06-18 11:27:00'),
(1813, '2017-06-18 11:42:00', 693.57, 61.4, 0, 932.67, 23.3, '2017-06-18 11:42:00', '2017-06-18 11:42:00'),
(1814, '2017-06-18 11:57:00', 694.63, 62, 0, 932.55, 23.3, '2017-06-18 11:57:00', '2017-06-18 11:57:00'),
(1815, '2017-06-18 12:12:00', 696.59, 61.8, 1, 932.33, 23.3, '2017-06-18 12:12:00', '2017-06-18 12:12:00'),
(1816, '2017-06-18 12:27:00', 699.53, 61.4, 0, 932.02, 23.4, '2017-06-18 12:27:00', '2017-06-18 12:27:00'),
(1817, '2017-06-18 12:43:00', 701.4, 61.6, 0, 931.81, 23.4, '2017-06-18 12:43:00', '2017-06-18 12:43:00'),
(1818, '2017-06-18 12:58:00', 703.36, 61.9, 0, 931.61, 23.4, '2017-06-18 12:58:00', '2017-06-18 12:58:00'),
(1819, '2017-06-18 13:13:00', 705.95, 62.2, 0, 931.23, 23.4, '2017-06-18 13:13:00', '2017-06-18 13:13:00'),
(1820, '2017-06-18 13:28:00', 708, 62.6, 0, 931.03, 23.5, '2017-06-18 13:28:00', '2017-06-18 13:28:00'),
(1821, '2017-06-18 13:43:00', 708.98, 62.1, 0, 930.94, 23.6, '2017-06-18 13:43:00', '2017-06-18 13:43:00'),
(1822, '2017-06-18 13:58:00', 709.51, 61.6, 0, 930.85, 23.6, '2017-06-18 13:58:00', '2017-06-18 13:58:00'),
(1823, '2017-06-18 14:13:00', 712.19, 61.7, 0, 930.6, 23.6, '2017-06-18 14:13:00', '2017-06-18 14:13:00'),
(1824, '2017-06-18 14:28:00', 712.19, 62.4, 0, 930.58, 23.7, '2017-06-18 14:28:00', '2017-06-18 14:28:00'),
(1825, '2017-06-18 14:43:00', 713.17, 62.1, 0, 930.47, 23.8, '2017-06-18 14:43:00', '2017-06-18 14:43:00'),
(1826, '2017-06-18 14:58:00', 714.69, 62.7, 1, 930.35, 23.8, '2017-06-18 14:58:00', '2017-06-18 14:58:00'),
(1827, '2017-06-18 15:13:00', 714.51, 62.6, 1, 930.33, 23.8, '2017-06-18 15:13:00', '2017-06-18 15:13:00'),
(1828, '2017-06-18 15:28:00', 715.04, 63.4, 0, 930.29, 23.9, '2017-06-18 15:28:00', '2017-06-18 15:28:00'),
(1829, '2017-06-18 15:43:00', 715.04, 63.9, 0, 930.32, 23.9, '2017-06-18 15:43:00', '2017-06-18 15:43:00'),
(1830, '2017-06-18 15:58:00', 714.77, 64.4, 1, 930.27, 24.1, '2017-06-18 15:58:00', '2017-06-18 15:58:00'),
(1831, '2017-06-18 16:13:00', 714.95, 62.7, 0, 930.3, 24.1, '2017-06-18 16:13:00', '2017-06-18 16:13:00'),
(1832, '2017-06-18 16:28:00', 715.13, 63.7, 0, 930.26, 24.1, '2017-06-18 16:28:00', '2017-06-18 16:28:00'),
(1833, '2017-06-18 16:43:00', 714.77, 62.8, 1, 930.31, 24.1, '2017-06-18 16:43:00', '2017-06-18 16:43:00'),
(1834, '2017-06-18 16:58:00', 714.15, 59.8, 0, 930.37, 24.1, '2017-06-18 16:58:00', '2017-06-18 16:58:00'),
(1835, '2017-06-18 17:13:00', 714.77, 58.9, 0, 930.32, 24.1, '2017-06-18 17:13:00', '2017-06-18 17:13:00'),
(1836, '2017-06-18 17:28:00', 714.42, 58.7, 0, 930.33, 24.4, '2017-06-18 17:28:00', '2017-06-18 17:28:00'),
(1837, '2017-06-18 17:43:00', 713.7, 59.5, 0, 930.45, 24.5, '2017-06-18 17:43:00', '2017-06-18 17:43:00'),
(1838, '2017-06-18 17:58:00', 712.28, 59.5, 0, 930.55, 24.5, '2017-06-18 17:58:00', '2017-06-18 17:58:00'),
(1839, '2017-06-18 18:13:00', 712.46, 62, 0, 930.58, 24.5, '2017-06-18 18:13:00', '2017-06-18 18:13:00'),
(1840, '2017-06-18 18:28:00', 712.63, 62.5, 0, 930.6, 24.3, '2017-06-18 18:28:00', '2017-06-18 18:28:00'),
(1841, '2017-06-18 18:43:00', 724.59, 59.7, 0, 929.17, 23.5, '2017-06-18 18:43:00', '2017-06-18 18:43:00'),
(1842, '2017-06-18 18:58:00', 710.32, 59.8, 1, 930.74, 24.1, '2017-06-18 18:58:00', '2017-06-18 18:58:00'),
(1843, '2017-06-18 19:13:00', 709.69, 58.9, 1, 930.84, 23.9, '2017-06-18 19:13:00', '2017-06-18 19:13:00'),
(1844, '2017-06-18 19:28:00', 709.33, 60.6, 0, 930.99, 23.8, '2017-06-18 19:28:00', '2017-06-18 19:28:00'),
(1845, '2017-06-18 19:43:00', 708.09, 60, 1, 931.02, 24.3, '2017-06-18 19:43:00', '2017-06-18 19:43:00'),
(1846, '2017-06-18 19:58:00', 708.09, 60.6, 0, 931.12, 24.4, '2017-06-18 19:58:00', '2017-06-18 19:58:00'),
(1847, '2017-06-18 20:13:00', 707.11, 60.1, 0, 931.14, 24.3, '2017-06-18 20:13:00', '2017-06-18 20:13:00'),
(1848, '2017-06-18 20:28:00', 706.84, 61.2, 1, 931.2, 24.3, '2017-06-18 20:28:00', '2017-06-18 20:28:00'),
(1849, '2017-06-18 20:43:00', 706.13, 64.3, 1, 931.19, 24.4, '2017-06-18 20:43:00', '2017-06-18 20:43:00'),
(1850, '2017-06-18 20:58:00', 706.3, 65, 1, 931.24, 24.5, '2017-06-18 20:58:00', '2017-06-18 20:58:00'),
(1851, '2017-06-18 21:13:00', 704.34, 64.2, 0, 931.44, 24.6, '2017-06-18 21:13:00', '2017-06-18 21:13:00'),
(1852, '2017-06-18 21:28:00', 704.34, 64.3, 0, 931.46, 24.6, '2017-06-18 21:28:00', '2017-06-18 21:28:00'),
(1853, '2017-06-18 21:43:00', 703.27, 63.2, 1, 931.6, 24.6, '2017-06-18 21:43:00', '2017-06-18 21:43:00'),
(1854, '2017-06-18 21:58:00', 703.18, 63.5, 0, 931.66, 24.5, '2017-06-18 21:58:00', '2017-06-18 21:58:00'),
(1855, '2017-06-18 22:13:00', 703.72, 65.5, 0, 931.54, 24.6, '2017-06-18 22:13:00', '2017-06-18 22:13:00'),
(1856, '2017-06-18 22:28:00', 704.52, 65.4, 0, 931.53, 24.7, '2017-06-18 22:28:00', '2017-06-18 22:28:00'),
(1857, '2017-06-18 22:43:00', 703.1, 65.4, 0, 931.55, 24.6, '2017-06-18 22:43:00', '2017-06-18 22:43:00'),
(1858, '2017-06-18 22:58:00', 704.25, 65.5, 1, 931.55, 24.5, '2017-06-18 22:58:00', '2017-06-18 22:58:00'),
(1859, '2017-06-18 23:13:00', 705.32, 66.2, 0, 931.38, 24.9, '2017-06-18 23:13:00', '2017-06-18 23:13:00'),
(1860, '2017-06-18 23:28:00', 706.66, 65.2, 0, 931.3, 24.5, '2017-06-18 23:28:00', '2017-06-18 23:28:00'),
(1861, '2017-06-18 23:43:00', 706.21, 66.5, 1, 931.26, 24.5, '2017-06-18 23:43:00', '2017-06-18 23:43:00'),
(1862, '2017-06-18 23:58:00', 706.21, 65.4, 0, 931.26, 24.5, '2017-06-18 23:58:00', '2017-06-18 23:58:00'),
(1863, '2017-06-19 00:13:00', 707.73, 66.1, 0, 931.08, 24.5, '2017-06-19 00:13:00', '2017-06-19 00:13:00'),
(1864, '2017-06-19 00:28:00', 708.35, 65.9, 0, 930.98, 24.4, '2017-06-19 00:28:00', '2017-06-19 00:28:00'),
(1865, '2017-06-19 00:43:00', 709.51, 66, 0, 930.91, 24.4, '2017-06-19 00:43:00', '2017-06-19 00:43:00'),
(1866, '2017-06-19 00:58:00', 709.16, 64.7, 1, 930.89, 24.3, '2017-06-19 00:58:00', '2017-06-19 00:58:00'),
(1867, '2017-06-19 01:13:00', 708.71, 63.3, 0, 930.97, 24.2, '2017-06-19 01:13:00', '2017-06-19 01:13:00'),
(1868, '2017-06-19 01:28:00', 709.51, 62.7, 0, 930.85, 24.2, '2017-06-19 01:28:00', '2017-06-19 01:28:00'),
(1869, '2017-06-19 01:43:00', 710.58, 63.4, 0, 930.77, 24.1, '2017-06-19 01:43:00', '2017-06-19 01:43:00'),
(1870, '2017-06-19 01:58:00', 712.01, 62.7, 0, 930.63, 24.1, '2017-06-19 01:58:00', '2017-06-19 01:58:00'),
(1871, '2017-06-19 02:13:00', 713.79, 62.1, 0, 930.47, 24.1, '2017-06-19 02:13:00', '2017-06-19 02:13:00'),
(1872, '2017-06-19 02:28:00', 711.83, 61.4, 0, 930.66, 24.1, '2017-06-19 02:28:00', '2017-06-19 02:28:00'),
(1873, '2017-06-19 02:43:00', 713.79, 60.7, 0, 930.45, 24.1, '2017-06-19 02:43:00', '2017-06-19 02:43:00'),
(1874, '2017-06-19 02:58:00', 714.15, 61.5, 0, 930.38, 24.1, '2017-06-19 02:58:00', '2017-06-19 02:58:00'),
(1875, '2017-06-19 03:13:00', 715.22, 61, 0, 930.24, 24, '2017-06-19 03:13:00', '2017-06-19 03:13:00'),
(1876, '2017-06-19 03:28:00', 714.6, 61, 0, 930.23, 24, '2017-06-19 03:28:00', '2017-06-19 03:28:00'),
(1877, '2017-06-19 03:43:00', 714.06, 61.6, 0, 930.39, 24, '2017-06-19 03:43:00', '2017-06-19 03:43:00'),
(1878, '2017-06-19 03:58:00', 712.72, 62.6, 0, 930.5, 24, '2017-06-19 03:58:00', '2017-06-19 03:58:00'),
(1879, '2017-06-19 04:13:00', 712.19, 62.5, 0, 930.5, 24, '2017-06-19 04:13:00', '2017-06-19 04:13:00'),
(1880, '2017-06-19 04:28:00', 710.94, 62.5, 1, 930.72, 23.9, '2017-06-19 04:28:00', '2017-06-19 04:28:00'),
(1881, '2017-06-19 04:43:00', 709.96, 63, 1, 930.77, 23.9, '2017-06-19 04:43:00', '2017-06-19 04:43:00'),
(1882, '2017-06-19 04:58:00', 710.14, 62.8, 0, 930.85, 23.9, '2017-06-19 04:58:00', '2017-06-19 04:58:00'),
(1883, '2017-06-19 05:13:00', 711.39, 62.9, 1, 930.68, 23.8, '2017-06-19 05:13:00', '2017-06-19 05:13:00'),
(1884, '2017-06-19 05:28:00', 712.19, 62.6, 1, 930.64, 23.8, '2017-06-19 05:28:00', '2017-06-19 05:28:00'),
(1885, '2017-06-19 05:43:00', 710.76, 61.6, 0, 930.83, 23.7, '2017-06-19 05:43:00', '2017-06-19 05:43:00'),
(1886, '2017-06-19 05:58:00', 710.76, 61.3, 0, 930.74, 23.7, '2017-06-19 05:58:00', '2017-06-19 05:58:00'),
(1887, '2017-06-19 06:13:00', 710.49, 60.5, 0, 930.86, 23.6, '2017-06-19 06:13:00', '2017-06-19 06:13:00'),
(1888, '2017-06-19 06:28:00', 709.07, 60.2, 0, 930.96, 23.7, '2017-06-19 06:28:00', '2017-06-19 06:28:00'),
(1889, '2017-06-19 06:43:00', 707.91, 61.6, 1, 931.09, 23.6, '2017-06-19 06:43:00', '2017-06-19 06:43:00'),
(1890, '2017-06-19 06:58:00', 706.04, 62.4, 1, 931.33, 23.6, '2017-06-19 06:58:00', '2017-06-19 06:58:00'),
(1891, '2017-06-19 07:13:00', 704.61, 61.6, 1, 931.46, 23.5, '2017-06-19 07:13:00', '2017-06-19 07:13:00'),
(1892, '2017-06-19 07:29:00', 702.21, 61.5, 0, 931.64, 23.6, '2017-06-19 07:29:00', '2017-06-19 07:29:00'),
(1893, '2017-06-19 07:44:00', 702.38, 61.7, 0, 931.68, 23.5, '2017-06-19 07:44:00', '2017-06-19 07:44:00'),
(1894, '2017-06-19 07:59:00', 699.26, 62.1, 0, 931.95, 23.5, '2017-06-19 07:59:00', '2017-06-19 07:59:00'),
(1895, '2017-06-19 08:14:00', 699.17, 61.4, 0, 932.07, 23.5, '2017-06-19 08:14:00', '2017-06-19 08:14:00'),
(1896, '2017-06-19 08:29:00', 698.55, 61.5, 0, 932.12, 23.5, '2017-06-19 08:29:00', '2017-06-19 08:29:00'),
(1897, '2017-06-19 08:44:00', 698.91, 61.7, 0, 932.07, 23.6, '2017-06-19 08:44:00', '2017-06-19 08:44:00'),
(1898, '2017-06-19 08:59:00', 697.39, 62.2, 0, 932.25, 23.5, '2017-06-19 08:59:00', '2017-06-19 08:59:00'),
(1899, '2017-06-19 09:14:00', 696.86, 61.7, 1, 932.27, 23.5, '2017-06-19 09:14:00', '2017-06-19 09:14:00'),
(1900, '2017-06-19 09:29:00', 695.61, 61.9, 0, 932.41, 23.5, '2017-06-19 09:29:00', '2017-06-19 09:29:00'),
(1901, '2017-06-19 09:44:00', 697.04, 61.9, 0, 932.28, 23.5, '2017-06-19 09:44:00', '2017-06-19 09:44:00'),
(1902, '2017-06-19 09:59:00', 696.95, 62.2, 1, 932.38, 23.5, '2017-06-19 09:59:00', '2017-06-19 09:59:00'),
(1903, '2017-06-19 10:14:00', 697.57, 62.2, 0, 932.22, 23.6, '2017-06-19 10:14:00', '2017-06-19 10:14:00'),
(1904, '2017-06-19 10:29:00', 697.84, 61.9, 0, 932.19, 23.6, '2017-06-19 10:29:00', '2017-06-19 10:29:00'),
(1905, '2017-06-19 10:44:00', 698.82, 62.5, 0, 932.04, 23.6, '2017-06-19 10:44:00', '2017-06-19 10:44:00'),
(1906, '2017-06-19 10:59:00', 700.96, 62.1, 0, 931.87, 23.7, '2017-06-19 10:59:00', '2017-06-19 10:59:00'),
(1907, '2017-06-19 11:14:00', 702.12, 62.2, 0, 931.71, 23.7, '2017-06-19 11:14:00', '2017-06-19 11:14:00'),
(1908, '2017-06-19 11:29:00', 705.06, 61.7, 1, 931.38, 23.7, '2017-06-19 11:29:00', '2017-06-19 11:29:00'),
(1909, '2017-06-19 11:44:00', 705.95, 61.7, 0, 931.28, 23.8, '2017-06-19 11:44:00', '2017-06-19 11:44:00'),
(1910, '2017-06-19 11:59:00', 707.02, 62.1, 0, 931.19, 23.8, '2017-06-19 11:59:00', '2017-06-19 11:59:00'),
(1911, '2017-06-19 12:14:00', 709.51, 62.1, 0, 930.77, 23.9, '2017-06-19 12:14:00', '2017-06-19 12:14:00'),
(1912, '2017-06-19 12:29:00', 711.03, 61.6, 1, 930.67, 23.8, '2017-06-19 12:29:00', '2017-06-19 12:29:00'),
(1913, '2017-06-19 12:44:00', 712.81, 62.3, 1, 930.52, 23.9, '2017-06-19 12:44:00', '2017-06-19 12:44:00'),
(1914, '2017-06-19 12:59:00', 715.13, 61.6, 0, 930.3, 23.9, '2017-06-19 12:59:00', '2017-06-19 12:59:00'),
(1915, '2017-06-19 13:14:00', 716.65, 61.8, 0, 930.06, 23.9, '2017-06-19 13:14:00', '2017-06-19 13:14:00'),
(1916, '2017-06-19 13:29:00', 718.79, 62.1, 0, 929.85, 23.9, '2017-06-19 13:29:00', '2017-06-19 13:29:00'),
(1917, '2017-06-19 13:44:00', 720.4, 62.2, 0, 929.67, 24, '2017-06-19 13:44:00', '2017-06-19 13:44:00'),
(1918, '2017-06-19 13:59:00', 721.11, 62, 0, 929.58, 24, '2017-06-19 13:59:00', '2017-06-19 13:59:00'),
(1919, '2017-06-19 14:14:00', 721.2, 62.5, 0, 929.57, 24, '2017-06-19 14:14:00', '2017-06-19 14:14:00'),
(1920, '2017-06-19 14:29:00', 721.56, 62.4, 0, 929.53, 24, '2017-06-19 14:29:00', '2017-06-19 14:29:00'),
(1921, '2017-06-19 14:44:00', 721.83, 63.1, 1, 929.47, 24.1, '2017-06-19 14:44:00', '2017-06-19 14:44:00'),
(1922, '2017-06-19 14:59:00', 722.72, 63.4, 0, 929.43, 24.1, '2017-06-19 14:59:00', '2017-06-19 14:59:00'),
(1923, '2017-06-19 15:14:00', 722.63, 63.3, 0, 929.38, 24.2, '2017-06-19 15:14:00', '2017-06-19 15:14:00'),
(1924, '2017-06-19 15:29:00', 724.15, 63.2, 0, 929.29, 24.2, '2017-06-19 15:29:00', '2017-06-19 15:29:00'),
(1925, '2017-06-19 15:44:00', 724.06, 63.6, 0, 929.23, 24.3, '2017-06-19 15:44:00', '2017-06-19 15:44:00'),
(1926, '2017-06-19 15:59:00', 723.34, 63.5, 0, 929.35, 24.3, '2017-06-19 15:59:00', '2017-06-19 15:59:00'),
(1927, '2017-06-19 16:14:00', 723.88, 64.5, 1, 929.33, 24.3, '2017-06-19 16:14:00', '2017-06-19 16:14:00'),
(1928, '2017-06-19 16:29:00', 722.99, 64.1, 1, 929.34, 24.3, '2017-06-19 16:29:00', '2017-06-19 16:29:00'),
(1929, '2017-06-19 16:44:00', 721.47, 65.5, 0, 929.45, 24.5, '2017-06-19 16:44:00', '2017-06-19 16:44:00'),
(1930, '2017-06-19 16:59:00', 722.18, 64.1, 0, 929.51, 24.5, '2017-06-19 16:59:00', '2017-06-19 16:59:00'),
(1931, '2017-06-19 17:14:00', 719.77, 64.5, 0, 929.76, 24.5, '2017-06-19 17:14:00', '2017-06-19 17:14:00'),
(1932, '2017-06-19 17:29:00', 718.08, 64.9, 0, 929.93, 24.5, '2017-06-19 17:29:00', '2017-06-19 17:29:00'),
(1933, '2017-06-19 17:44:00', 717.27, 65.7, 1, 930.01, 24.4, '2017-06-19 17:44:00', '2017-06-19 17:44:00'),
(1934, '2017-06-19 17:59:00', 716.74, 62.1, 0, 930.07, 24.4, '2017-06-19 17:59:00', '2017-06-19 17:59:00'),
(1935, '2017-06-19 18:14:00', 714.95, 60.9, 0, 930.3, 24.4, '2017-06-19 18:14:00', '2017-06-19 18:14:00'),
(1936, '2017-06-19 18:29:00', 713.88, 60.2, 0, 930.36, 24.5, '2017-06-19 18:29:00', '2017-06-19 18:29:00'),
(1937, '2017-06-19 18:44:00', 712.81, 63.6, 0, 930.56, 24.5, '2017-06-19 18:44:00', '2017-06-19 18:44:00'),
(1938, '2017-06-19 18:59:00', 711.3, 65, 0, 930.73, 24.4, '2017-06-19 18:59:00', '2017-06-19 18:59:00'),
(1939, '2017-06-19 19:14:00', 709.6, 66.1, 1, 930.84, 24.4, '2017-06-19 19:14:00', '2017-06-19 19:14:00'),
(1940, '2017-06-19 19:29:00', 708.89, 66.3, 1, 930.98, 24.4, '2017-06-19 19:29:00', '2017-06-19 19:29:00'),
(1941, '2017-06-19 19:44:00', 706.57, 67, 1, 931.21, 24.4, '2017-06-19 19:44:00', '2017-06-19 19:44:00'),
(1942, '2017-06-19 19:59:00', 704.88, 66.5, 0, 931.42, 24.4, '2017-06-19 19:59:00', '2017-06-19 19:59:00'),
(1943, '2017-06-19 20:14:00', 704.52, 66, 1, 931.47, 24.4, '2017-06-19 20:14:00', '2017-06-19 20:14:00'),
(1944, '2017-06-19 20:29:00', 703.1, 66, 0, 931.63, 24.4, '2017-06-19 20:29:00', '2017-06-19 20:29:00'),
(1945, '2017-06-19 20:44:00', 702.03, 66.4, 0, 931.72, 24.5, '2017-06-19 20:44:00', '2017-06-19 20:44:00'),
(1946, '2017-06-19 20:59:00', 700.07, 67.5, 0, 931.93, 24.5, '2017-06-19 20:59:00', '2017-06-19 20:59:00'),
(1947, '2017-06-19 21:14:00', 700.07, 69.1, 0, 931.93, 24.6, '2017-06-19 21:14:00', '2017-06-19 21:14:00'),
(1948, '2017-06-19 21:29:00', 698.55, 68.7, 0, 932.12, 24.6, '2017-06-19 21:29:00', '2017-06-19 21:29:00'),
(1949, '2017-06-19 21:44:00', 697.75, 69.5, 0, 932.17, 24.7, '2017-06-19 21:44:00', '2017-06-19 21:44:00'),
(1950, '2017-06-19 21:59:00', 698.55, 68.3, 0, 932.2, 24.6, '2017-06-19 21:59:00', '2017-06-19 21:59:00'),
(1951, '2017-06-19 22:14:00', 698.19, 68.3, 1, 932.21, 24.5, '2017-06-19 22:14:00', '2017-06-19 22:14:00'),
(1952, '2017-06-19 22:29:00', 698.19, 67.6, 0, 932.19, 24.5, '2017-06-19 22:29:00', '2017-06-19 22:29:00'),
(1953, '2017-06-19 22:44:00', 699.26, 67, 0, 932.04, 24.5, '2017-06-19 22:44:00', '2017-06-19 22:44:00'),
(1954, '2017-06-19 22:59:00', 698.55, 67.6, 0, 932.2, 24.5, '2017-06-19 22:59:00', '2017-06-19 22:59:00'),
(1955, '2017-06-19 23:14:00', 698.82, 68.2, 0, 932.11, 24.5, '2017-06-19 23:14:00', '2017-06-19 23:14:00'),
(1956, '2017-06-19 23:29:00', 699.98, 66.7, 0, 931.95, 24.6, '2017-06-19 23:29:00', '2017-06-19 23:29:00'),
(1957, '2017-06-19 23:44:00', 699.8, 67.2, 0, 931.99, 24.6, '2017-06-19 23:44:00', '2017-06-19 23:44:00'),
(1958, '2017-06-19 23:59:00', 699.35, 65, 0, 932.01, 24.7, '2017-06-19 23:59:00', '2017-06-19 23:59:00'),
(1959, '2017-06-20 00:14:00', 700.69, 65.8, 0, 931.85, 24.7, '2017-06-20 00:14:00', '2017-06-20 00:14:00'),
(1960, '2017-06-20 00:29:00', 700.96, 65.3, 0, 931.9, 24.6, '2017-06-20 00:29:00', '2017-06-20 00:29:00'),
(1961, '2017-06-20 00:44:00', 700.78, 65.6, 1, 931.83, 24.6, '2017-06-20 00:44:00', '2017-06-20 00:44:00'),
(1962, '2017-06-20 00:59:00', 701.85, 65.1, 1, 931.78, 24.7, '2017-06-20 00:59:00', '2017-06-20 00:59:00'),
(1963, '2017-06-20 01:14:00', 702.74, 64.3, 0, 931.59, 24.7, '2017-06-20 01:14:00', '2017-06-20 01:14:00'),
(1964, '2017-06-20 01:29:00', 703.18, 63.4, 1, 931.65, 24.6, '2017-06-20 01:29:00', '2017-06-20 01:29:00'),
(1965, '2017-06-20 01:44:00', 703.72, 63.8, 0, 931.55, 24.7, '2017-06-20 01:44:00', '2017-06-20 01:44:00'),
(1966, '2017-06-20 01:59:00', 704.25, 63.2, 0, 931.44, 24.8, '2017-06-20 01:59:00', '2017-06-20 01:59:00'),
(1967, '2017-06-20 02:14:00', 705.95, 63, 0, 931.36, 24.7, '2017-06-20 02:14:00', '2017-06-20 02:14:00'),
(1968, '2017-06-20 02:30:00', 706.75, 62.7, 0, 931.21, 24.5, '2017-06-20 02:30:00', '2017-06-20 02:30:00'),
(1969, '2017-06-20 18:07:00', 714.42, 54.4, 0, 930.32, 25.9, '2017-06-20 18:07:00', '2017-06-20 18:07:00'),
(1970, '2017-06-20 18:22:00', 713.97, 44.7, 0, 930.42, 25.9, '2017-06-20 18:22:00', '2017-06-20 18:22:00');

-- --------------------------------------------------------

--
-- Estrutura da tabela `menus`
--

CREATE TABLE `menus` (
  `id` int(11) NOT NULL,
  `menu` varchar(20) NOT NULL,
  `cadastrado` datetime NOT NULL,
  `modificado` datetime NOT NULL
) ENGINE=InnoDB DEFAULT CHARSET=utf8;

--
-- Extraindo dados da tabela `menus`
--

INSERT INTO `menus` (`id`, `menu`, `cadastrado`, `modificado`) VALUES
(1, 'Barra de menu', '0000-00-00 00:00:00', '0000-00-00 00:00:00'),
(2, 'Cadastros', '0000-00-00 00:00:00', '0000-00-00 00:00:00'),
(3, 'Configurações', '0000-00-00 00:00:00', '0000-00-00 00:00:00'),
(4, 'Subpasta', '0000-00-00 00:00:00', '0000-00-00 00:00:00'),
(5, 'Não aplicável', '0000-00-00 00:00:00', '0000-00-00 00:00:00');

-- --------------------------------------------------------

--
-- Estrutura da tabela `perfil_telas`
--

CREATE TABLE `perfil_telas` (
  `id` int(11) NOT NULL,
  `cadastrado` datetime NOT NULL,
  `modificado` datetime NOT NULL,
  `perfil` int(11) NOT NULL,
  `tela` int(11) NOT NULL,
  `permissao` int(11) NOT NULL
) ENGINE=InnoDB DEFAULT CHARSET=utf8;

--
-- Extraindo dados da tabela `perfil_telas`
--

INSERT INTO `perfil_telas` (`id`, `cadastrado`, `modificado`, `perfil`, `tela`, `permissao`) VALUES
(1, '0000-00-00 00:00:00', '0000-00-00 00:00:00', 1, 1, 4),
(2, '0000-00-00 00:00:00', '0000-00-00 00:00:00', 1, 2, 4),
(3, '0000-00-00 00:00:00', '0000-00-00 00:00:00', 1, 3, 4),
(4, '0000-00-00 00:00:00', '0000-00-00 00:00:00', 1, 4, 4),
(5, '0000-00-00 00:00:00', '0000-00-00 00:00:00', 1, 5, 4),
(6, '0000-00-00 00:00:00', '0000-00-00 00:00:00', 1, 11, 4),
(7, '2017-05-02 12:12:45', '2017-05-02 12:12:45', 1, 12, 4),
(8, '2017-05-02 12:13:29', '2017-05-02 12:13:29', 1, 13, 4),
(9, '2017-05-02 12:41:17', '2017-05-02 12:41:17', 1, 17, 4),
(10, '2017-05-02 12:41:20', '2017-05-02 12:41:20', 1, 16, 4),
(11, '2017-05-02 12:41:23', '2017-05-02 12:41:23', 1, 15, 4),
(12, '2017-05-02 12:41:27', '2017-05-02 12:41:27', 1, 14, 4);

-- --------------------------------------------------------

--
-- Estrutura da tabela `perfis`
--

CREATE TABLE `perfis` (
  `id` int(11) NOT NULL,
  `perfil` varchar(20) NOT NULL,
  `cadastrado` datetime NOT NULL,
  `modificado` datetime NOT NULL
) ENGINE=InnoDB DEFAULT CHARSET=utf8;

--
-- Extraindo dados da tabela `perfis`
--

INSERT INTO `perfis` (`id`, `perfil`, `cadastrado`, `modificado`) VALUES
(1, 'Developer', '0000-00-00 00:00:00', '0000-00-00 00:00:00');

-- --------------------------------------------------------

--
-- Estrutura da tabela `permissoes`
--

CREATE TABLE `permissoes` (
  `id` int(11) NOT NULL,
  `permissao` varchar(40) NOT NULL,
  `cadastrado` datetime NOT NULL,
  `modificado` datetime NOT NULL
) ENGINE=InnoDB DEFAULT CHARSET=utf8;

--
-- Extraindo dados da tabela `permissoes`
--

INSERT INTO `permissoes` (`id`, `permissao`, `cadastrado`, `modificado`) VALUES
(1, 'Somente leitura', '0000-00-00 00:00:00', '0000-00-00 00:00:00'),
(2, 'Leitura e escrita', '0000-00-00 00:00:00', '0000-00-00 00:00:00'),
(3, 'Leitura, escrita e edição', '0000-00-00 00:00:00', '0000-00-00 00:00:00'),
(4, 'Controle total', '0000-00-00 00:00:00', '0000-00-00 00:00:00');

-- --------------------------------------------------------

--
-- Estrutura da tabela `status`
--

CREATE TABLE `status` (
  `id` int(11) NOT NULL,
  `status` varchar(20) NOT NULL,
  `cadastrado` datetime NOT NULL,
  `modificado` datetime NOT NULL
) ENGINE=InnoDB DEFAULT CHARSET=utf8;

--
-- Extraindo dados da tabela `status`
--

INSERT INTO `status` (`id`, `status`, `cadastrado`, `modificado`) VALUES
(1, 'Ativo', '0000-00-00 00:00:00', '0000-00-00 00:00:00'),
(2, 'Desativado', '0000-00-00 00:00:00', '0000-00-00 00:00:00');

-- --------------------------------------------------------

--
-- Estrutura da tabela `telas`
--

CREATE TABLE `telas` (
  `id` int(11) NOT NULL,
  `tela` varchar(40) NOT NULL,
  `identificador` varchar(40) NOT NULL,
  `cadastrado` datetime NOT NULL,
  `modificado` datetime NOT NULL,
  `menu` int(11) NOT NULL
) ENGINE=InnoDB DEFAULT CHARSET=utf8;

--
-- Extraindo dados da tabela `telas`
--

INSERT INTO `telas` (`id`, `tela`, `identificador`, `cadastrado`, `modificado`, `menu`) VALUES
(1, 'Menus', 'menus', '0000-00-00 00:00:00', '0000-00-00 00:00:00', 3),
(2, 'Telas', 'telas', '0000-00-00 00:00:00', '0000-00-00 00:00:00', 3),
(3, 'Perfis', 'perfis', '0000-00-00 00:00:00', '0000-00-00 00:00:00', 3),
(4, 'Telas do perfil', 'perfil_telas', '0000-00-00 00:00:00', '0000-00-00 00:00:00', 4),
(5, 'Usuários', 'usuarios', '0000-00-00 00:00:00', '0000-00-00 00:00:00', 3),
(6, 'Status', 'status', '0000-00-00 00:00:00', '0000-00-00 00:00:00', 5),
(7, 'Permissões', 'permissoes', '0000-00-00 00:00:00', '0000-00-00 00:00:00', 5),
(8, 'Dashboard', 'dashboard', '0000-00-00 00:00:00', '0000-00-00 00:00:00', 1),
(9, 'Minha conta', 'minha_conta', '0000-00-00 00:00:00', '0000-00-00 00:00:00', 1),
(10, 'Mudar foto', 'mudar_foto', '0000-00-00 00:00:00', '0000-00-00 00:00:00', 1),
(11, 'Temas', 'temas', '0000-00-00 00:00:00', '0000-00-00 00:00:00', 3),
(12, 'Medições', 'medicoes', '2017-05-02 12:12:36', '2017-05-02 12:12:36', 2),
(13, 'Altura do mar', 'altura_mar', '2017-05-02 12:13:23', '2017-05-02 12:13:23', 4),
(14, 'Humidade do ar', 'humidade_ar', '2017-05-02 12:40:38', '2017-05-02 12:40:38', 4),
(15, 'Humidade do solo', 'humidade_solo', '2017-05-02 12:40:47', '2017-05-02 12:40:47', 4),
(16, 'Pressão do ar', 'pressao_ar', '2017-05-02 12:40:57', '2017-05-02 12:40:57', 4),
(17, 'Temperatura do ar', 'temperatura_ar', '2017-05-02 12:41:09', '2017-05-02 12:41:09', 4);

-- --------------------------------------------------------

--
-- Estrutura da tabela `temas`
--

CREATE TABLE `temas` (
  `id` int(11) NOT NULL,
  `tema` varchar(20) NOT NULL,
  `identificador` varchar(20) NOT NULL,
  `cor_primaria` varchar(6) NOT NULL,
  `cor_secundaria` varchar(6) NOT NULL,
  `cor_texto` varchar(6) NOT NULL,
  `foto` varchar(255) NOT NULL,
  `cadastrado` datetime NOT NULL,
  `modificado` datetime NOT NULL
) ENGINE=InnoDB DEFAULT CHARSET=utf8;

--
-- Extraindo dados da tabela `temas`
--

INSERT INTO `temas` (`id`, `tema`, `identificador`, `cor_primaria`, `cor_secundaria`, `cor_texto`, `foto`, `cadastrado`, `modificado`) VALUES
(1, 'Dark blue grey', 'gz-dark-blue-grey', '455a64', '607d8b', 'ffffff', '', '0000-00-00 00:00:00', '0000-00-00 00:00:00');

-- --------------------------------------------------------

--
-- Estrutura da tabela `usuarios`
--

CREATE TABLE `usuarios` (
  `id` int(11) NOT NULL,
  `usuario` varchar(120) NOT NULL,
  `email` varchar(120) NOT NULL,
  `senha` varchar(20) NOT NULL,
  `foto` varchar(255) NOT NULL,
  `cadastrado` datetime NOT NULL,
  `modificado` datetime NOT NULL,
  `perfil` int(11) NOT NULL,
  `status` int(11) NOT NULL,
  `tema` int(11) NOT NULL
) ENGINE=InnoDB DEFAULT CHARSET=utf8;

--
-- Extraindo dados da tabela `usuarios`
--

INSERT INTO `usuarios` (`id`, `usuario`, `email`, `senha`, `foto`, `cadastrado`, `modificado`, `perfil`, `status`, `tema`) VALUES
(1, 'Imber', 'acesso@imber.com.br', 'adm', '', '0000-00-00 00:00:00', '2017-06-01 14:50:24', 1, 1, 1);

--
-- Indexes for dumped tables
--

--
-- Indexes for table `medicoes`
--
ALTER TABLE `medicoes`
  ADD PRIMARY KEY (`id`);

--
-- Indexes for table `menus`
--
ALTER TABLE `menus`
  ADD PRIMARY KEY (`id`);

--
-- Indexes for table `perfil_telas`
--
ALTER TABLE `perfil_telas`
  ADD PRIMARY KEY (`id`),
  ADD KEY `perfil` (`perfil`),
  ADD KEY `tela` (`tela`),
  ADD KEY `permissao` (`permissao`);

--
-- Indexes for table `perfis`
--
ALTER TABLE `perfis`
  ADD PRIMARY KEY (`id`);

--
-- Indexes for table `permissoes`
--
ALTER TABLE `permissoes`
  ADD PRIMARY KEY (`id`);

--
-- Indexes for table `status`
--
ALTER TABLE `status`
  ADD PRIMARY KEY (`id`);

--
-- Indexes for table `telas`
--
ALTER TABLE `telas`
  ADD PRIMARY KEY (`id`),
  ADD KEY `menu` (`menu`);

--
-- Indexes for table `temas`
--
ALTER TABLE `temas`
  ADD PRIMARY KEY (`id`);

--
-- Indexes for table `usuarios`
--
ALTER TABLE `usuarios`
  ADD PRIMARY KEY (`id`),
  ADD KEY `status` (`status`),
  ADD KEY `perfil` (`perfil`),
  ADD KEY `tema` (`tema`);

--
-- AUTO_INCREMENT for dumped tables
--

--
-- AUTO_INCREMENT for table `medicoes`
--
ALTER TABLE `medicoes`
  MODIFY `id` int(11) NOT NULL AUTO_INCREMENT, AUTO_INCREMENT=1971;
--
-- AUTO_INCREMENT for table `menus`
--
ALTER TABLE `menus`
  MODIFY `id` int(11) NOT NULL AUTO_INCREMENT, AUTO_INCREMENT=6;
--
-- AUTO_INCREMENT for table `perfil_telas`
--
ALTER TABLE `perfil_telas`
  MODIFY `id` int(11) NOT NULL AUTO_INCREMENT, AUTO_INCREMENT=13;
--
-- AUTO_INCREMENT for table `perfis`
--
ALTER TABLE `perfis`
  MODIFY `id` int(11) NOT NULL AUTO_INCREMENT, AUTO_INCREMENT=2;
--
-- AUTO_INCREMENT for table `permissoes`
--
ALTER TABLE `permissoes`
  MODIFY `id` int(11) NOT NULL AUTO_INCREMENT, AUTO_INCREMENT=5;
--
-- AUTO_INCREMENT for table `status`
--
ALTER TABLE `status`
  MODIFY `id` int(11) NOT NULL AUTO_INCREMENT, AUTO_INCREMENT=3;
--
-- AUTO_INCREMENT for table `telas`
--
ALTER TABLE `telas`
  MODIFY `id` int(11) NOT NULL AUTO_INCREMENT, AUTO_INCREMENT=18;
--
-- AUTO_INCREMENT for table `temas`
--
ALTER TABLE `temas`
  MODIFY `id` int(11) NOT NULL AUTO_INCREMENT, AUTO_INCREMENT=2;
--
-- AUTO_INCREMENT for table `usuarios`
--
ALTER TABLE `usuarios`
  MODIFY `id` int(11) NOT NULL AUTO_INCREMENT, AUTO_INCREMENT=2;
--
-- Constraints for dumped tables
--

--
-- Limitadores para a tabela `perfil_telas`
--
ALTER TABLE `perfil_telas`
  ADD CONSTRAINT `perfil_telas_ibfk_1` FOREIGN KEY (`perfil`) REFERENCES `perfis` (`id`),
  ADD CONSTRAINT `perfil_telas_ibfk_2` FOREIGN KEY (`permissao`) REFERENCES `permissoes` (`id`),
  ADD CONSTRAINT `perfil_telas_ibfk_3` FOREIGN KEY (`tela`) REFERENCES `telas` (`id`);

--
-- Limitadores para a tabela `telas`
--
ALTER TABLE `telas`
  ADD CONSTRAINT `telas_ibfk_1` FOREIGN KEY (`menu`) REFERENCES `menus` (`id`);

--
-- Limitadores para a tabela `usuarios`
--
ALTER TABLE `usuarios`
  ADD CONSTRAINT `usuarios_ibfk_3` FOREIGN KEY (`status`) REFERENCES `status` (`id`),
  ADD CONSTRAINT `usuarios_ibfk_6` FOREIGN KEY (`perfil`) REFERENCES `perfis` (`id`),
  ADD CONSTRAINT `usuarios_ibfk_7` FOREIGN KEY (`tema`) REFERENCES `temas` (`id`);
COMMIT;

/*!40101 SET CHARACTER_SET_CLIENT=@OLD_CHARACTER_SET_CLIENT */;
/*!40101 SET CHARACTER_SET_RESULTS=@OLD_CHARACTER_SET_RESULTS */;
/*!40101 SET COLLATION_CONNECTION=@OLD_COLLATION_CONNECTION */;
